<Level>
  <Object X="-64" Y="64" Z="0" Name="" Type="SecondShiftMobile.Test.TestFloor" CameraTarget="false" />
  <Object X="64" Y="64" Z="0" Name="" Type="SecondShiftMobile.Test.TestFloor" CameraTarget="false" />
  <Object X="192" Y="64" Z="0" Name="" Type="SecondShiftMobile.Test.TestFloor" CameraTarget="false" />
  <Object X="320" Y="64" Z="0" Name="" Type="SecondShiftMobile.Test.TestFloor" CameraTarget="false" />
  <Object X="448" Y="64" Z="0" Name="" Type="SecondShiftMobile.Test.TestFloor" CameraTarget="false" />
  <Object X="-192" Y="64" Z="0" Name="" Type="SecondShiftMobile.Test.TestFloor" CameraTarget="false" />
  <Object X="-320" Y="64" Z="0" Name="" Type="SecondShiftMobile.Test.TestFloor" CameraTarget="false" />
  <Object X="-448" Y="64" Z="0" Name="" Type="SecondShiftMobile.Test.TestFloor" CameraTarget="false" />
  <Object X="-19" Y="-483" Z="0" Name="Grey" Type="SecondShiftMobile.Grey" CameraTarget="true" />
  <Object X="576" Y="64" Z="0" Name="" Type="SecondShiftMobile.Test.TestFloor" />
  <Object X="576" Y="-64" Z="0" Name="" Type="SecondShiftMobile.Test.TestFloor" />
  <Object X="-576" Y="64" Z="0" Name="" Type="SecondShiftMobile.Test.TestFloor" />
  <Object X="-704" Y="64" Z="0" Name="" Type="SecondShiftMobile.Test.TestFloor" />
  <Object X="-832" Y="64" Z="0" Name="" Type="SecondShiftMobile.Test.TestFloor" />
  <Object X="-960" Y="64" Z="0" Name="" Type="SecondShiftMobile.Test.TestFloor" />
  <Object X="-1088" Y="64" Z="0" Name="" Type="SecondShiftMobile.Test.TestFloor" />
  <Object X="-1216" Y="64" Z="0" Name="" Type="SecondShiftMobile.Test.TestFloor" />
  <Object X="-1344" Y="64" Z="0" Name="" Type="SecondShiftMobile.Test.TestFloor" />
  <Object X="-1344" Y="-64" Z="0" Name="" Type="SecondShiftMobile.Test.TestFloor" />
  <Object X="-1344" Y="-192" Z="0" Name="" Type="SecondShiftMobile.Test.TestFloor" />
  <Object X="-1344" Y="-320" Z="0" Name="" Type="SecondShiftMobile.Test.TestFloor" />
  <Object X="-1344" Y="-448" Z="0" Name="" Type="SecondShiftMobile.Test.TestFloor" />
  <Object X="-1344" Y="-576" Z="0" Name="" Type="SecondShiftMobile.Test.TestFloor" />
  <Object X="704" Y="-64" Z="0" Name="" Type="SecondShiftMobile.Test.TestFloor" />
  <Object X="832" Y="-64" Z="0" Name="" Type="SecondShiftMobile.Test.TestFloor" />
  <Object X="960" Y="-64" Z="0" Name="" Type="SecondShiftMobile.Test.TestFloor" />
  <Object X="1088" Y="-64" Z="0" Name="" Type="SecondShiftMobile.Test.TestFloor" />
  <Object X="1216" Y="-64" Z="0" Name="" Type="SecondShiftMobile.Test.TestFloor" />
  <Object X="-1344" Y="-704" Z="0" Name="" Type="SecondShiftMobile.Test.TestFloor" />
  <Object X="-1344" Y="-832" Z="0" Name="" Type="SecondShiftMobile.Test.TestFloor" />
  <Object X="1728" Y="-64" Z="0" Name="" Type="SecondShiftMobile.Test.TestFloor" />
  <Object X="1856" Y="-64" Z="0" Name="" Type="SecondShiftMobile.Test.TestFloor" />
  <Object X="1984" Y="-64" Z="0" Name="" Type="SecondShiftMobile.Test.TestFloor" />
  <Object X="2112" Y="-64" Z="0" Name="" Type="SecondShiftMobile.Test.TestFloor" />
  <Object X="2240" Y="-64" Z="0" Name="" Type="SecondShiftMobile.Test.TestFloor" />
  <Object X="2368" Y="-64" Z="0" Name="" Type="SecondShiftMobile.Test.TestFloor" />
  <Object X="2496" Y="-64" Z="0" Name="" Type="SecondShiftMobile.Test.TestFloor" />
  <Object X="2624" Y="-64" Z="0" Name="" Type="SecondShiftMobile.Test.TestFloor" />
  <Object X="2752" Y="-64" Z="0" Name="" Type="SecondShiftMobile.Test.TestFloor" />
  <Object X="2880" Y="-64" Z="0" Name="" Type="SecondShiftMobile.Test.TestFloor" />
  <Object X="2880" Y="-192" Z="0" Name="" Type="SecondShiftMobile.Test.TestFloor" />
  <Object X="2880" Y="-320" Z="0" Name="" Type="SecondShiftMobile.Test.TestFloor" />
  <Object X="2880" Y="-448" Z="0" Name="" Type="SecondShiftMobile.Test.TestFloor" />
  <Object X="2880" Y="-576" Z="0" Name="" Type="SecondShiftMobile.Test.TestFloor" />
  <Object X="2880" Y="-704" Z="0" Name="" Type="SecondShiftMobile.Test.TestFloor" />
  <Object X="2560" Y="-704" Z="0" Name="" Type="SecondShiftMobile.Test.TestFloor" />
  <Object X="2560" Y="-576" Z="0" Name="" Type="SecondShiftMobile.Test.TestFloor" />
  <Object X="2560" Y="-448" Z="0" Name="" Type="SecondShiftMobile.Test.TestFloor" />
  <Object X="2560" Y="-832" Z="0" Name="" Type="SecondShiftMobile.Test.TestFloor" />
  <Object X="2560" Y="-960" Z="0" Name="" Type="SecondShiftMobile.Test.TestFloor" />
  <Object X="2560" Y="-1088" Z="0" Name="" Type="SecondShiftMobile.Test.TestFloor" />
  <Object X="2560" Y="-1216" Z="0" Name="" Type="SecondShiftMobile.Test.TestFloor" />
  <Object X="2560" Y="-1344" Z="0" Name="" Type="SecondShiftMobile.Test.TestFloor" />
  <Object X="2560" Y="-1472" Z="0" Name="" Type="SecondShiftMobile.Test.TestFloor" />
  <Object X="2560" Y="-1600" Z="0" Name="" Type="SecondShiftMobile.Test.TestFloor" />
  <Object X="2560" Y="-1728" Z="0" Name="" Type="SecondShiftMobile.Test.TestFloor" />
  <Object X="2560" Y="-1856" Z="0" Name="" Type="SecondShiftMobile.Test.TestFloor" />
  <Object X="2880" Y="-1088" Z="0" Name="" Type="SecondShiftMobile.Test.TestFloor" />
  <Object X="2880" Y="-1216" Z="0" Name="" Type="SecondShiftMobile.Test.TestFloor" />
  <Object X="2880" Y="-1344" Z="0" Name="" Type="SecondShiftMobile.Test.TestFloor" />
  <Object X="2880" Y="-1472" Z="0" Name="" Type="SecondShiftMobile.Test.TestFloor" />
  <Object X="2880" Y="-1600" Z="0" Name="" Type="SecondShiftMobile.Test.TestFloor" />
  <Object X="3008" Y="-1600" Z="0" Name="" Type="SecondShiftMobile.Test.TestFloor" />
  <Object X="3136" Y="-1600" Z="0" Name="" Type="SecondShiftMobile.Test.TestFloor" />
  <Object X="3264" Y="-1600" Z="0" Name="" Type="SecondShiftMobile.Test.TestFloor" />
  <Object X="3392" Y="-1600" Z="0" Name="" Type="SecondShiftMobile.Test.TestFloor" />
  <Object X="3008" Y="-704" Z="0" Name="" Type="SecondShiftMobile.Test.TestFloor" />
  <Object X="3136" Y="-704" Z="0" Name="" Type="SecondShiftMobile.Test.TestFloor" />
  <Object X="3264" Y="-704" Z="0" Name="" Type="SecondShiftMobile.Test.TestFloor" />
  <Object X="3392" Y="-704" Z="0" Name="" Type="SecondShiftMobile.Test.TestFloor" />
  <Object X="3520" Y="-704" Z="0" Name="" Type="SecondShiftMobile.Test.TestFloor" />
  <Object X="3648" Y="-704" Z="0" Name="" Type="SecondShiftMobile.Test.TestFloor" />
  <Object X="3776" Y="-704" Z="0" Name="" Type="SecondShiftMobile.Test.TestFloor" />
  <Object X="3904" Y="-704" Z="0" Name="" Type="SecondShiftMobile.Test.TestFloor" />
  <Object X="3904" Y="-576" Z="0" Name="" Type="SecondShiftMobile.Test.TestFloor" />
  <Object X="4224" Y="-704" Z="0" Name="" Type="SecondShiftMobile.Test.TestFloor" />
  <Object X="4224" Y="-832" Z="0" Name="" Type="SecondShiftMobile.Test.TestFloor" />
  <Object X="4224" Y="-960" Z="0" Name="" Type="SecondShiftMobile.Test.TestFloor" />
  <Object X="4224" Y="-1088" Z="0" Name="" Type="SecondShiftMobile.Test.TestFloor" />
  <Object X="4224" Y="-1216" Z="0" Name="" Type="SecondShiftMobile.Test.TestFloor" />
  <Object X="4224" Y="-1344" Z="0" Name="" Type="SecondShiftMobile.Test.TestFloor" />
  <Object X="4224" Y="-1472" Z="0" Name="" Type="SecondShiftMobile.Test.TestFloor" />
  <Object X="4224" Y="-1600" Z="0" Name="" Type="SecondShiftMobile.Test.TestFloor" />
  <Object X="4224" Y="-1728" Z="0" Name="" Type="SecondShiftMobile.Test.TestFloor" />
  <Object X="4224" Y="-1856" Z="0" Name="" Type="SecondShiftMobile.Test.TestFloor" />
  <Object X="4224" Y="-1984" Z="0" Name="" Type="SecondShiftMobile.Test.TestFloor" />
  <Object X="4224" Y="-2112" Z="0" Name="" Type="SecondShiftMobile.Test.TestFloor" />
  <Object X="4224" Y="-2240" Z="0" Name="" Type="SecondShiftMobile.Test.TestFloor" />
  <Object X="3520" Y="-1600" Z="0" Name="" Type="SecondShiftMobile.Test.TestFloor" />
  <Object X="3648" Y="-1600" Z="0" Name="" Type="SecondShiftMobile.Test.TestFloor" />
  <Object X="3776" Y="-1600" Z="0" Name="" Type="SecondShiftMobile.Test.TestFloor" />
  <Object X="3904" Y="-1600" Z="0" Name="" Type="SecondShiftMobile.Test.TestFloor" />
  <Object X="4096" Y="-1280" Z="0" Name="" Type="SecondShiftMobile.Test.TestFloor" />
  <Object X="3968" Y="-1280" Z="0" Name="" Type="SecondShiftMobile.Test.TestFloor" />
  <Object X="3840" Y="-1280" Z="0" Name="" Type="SecondShiftMobile.Test.TestFloor" />
  <Object X="3712" Y="-1280" Z="0" Name="" Type="SecondShiftMobile.Test.TestFloor" />
  <Object X="3584" Y="-1280" Z="0" Name="" Type="SecondShiftMobile.Test.TestFloor" />
  <Object X="3456" Y="-1280" Z="0" Name="" Type="SecondShiftMobile.Test.TestFloor" />
  <Object X="3328" Y="-1280" Z="0" Name="" Type="SecondShiftMobile.Test.TestFloor" />
  <Object X="3328" Y="-1152" Z="0" Name="" Type="SecondShiftMobile.Test.TestFloor" />
  <Object X="3904" Y="-448" Z="0" Name="" Type="SecondShiftMobile.Test.TestFloor" />
  <Object X="3904" Y="-320" Z="0" Name="" Type="SecondShiftMobile.Test.TestFloor" />
  <Object X="3904" Y="-192" Z="0" Name="" Type="SecondShiftMobile.Test.TestFloor" />
  <Object X="3904" Y="-64" Z="0" Name="" Type="SecondShiftMobile.Test.TestFloor" />
  <Object X="3904" Y="64" Z="0" Name="" Type="SecondShiftMobile.Test.TestFloor" />
  <Object X="4224" Y="-576" Z="0" Name="" Type="SecondShiftMobile.Test.TestFloor" />
  <Object X="4224" Y="-448" Z="0" Name="" Type="SecondShiftMobile.Test.TestFloor" />
  <Object X="4224" Y="-320" Z="0" Name="" Type="SecondShiftMobile.Test.TestFloor" />
  <Object X="4224" Y="-192" Z="0" Name="" Type="SecondShiftMobile.Test.TestFloor" />
  <Object X="4224" Y="-64" Z="0" Name="" Type="SecondShiftMobile.Test.TestFloor" />
  <Object X="4224" Y="64" Z="0" Name="" Type="SecondShiftMobile.Test.TestFloor" />
  <Object X="4224" Y="192" Z="0" Name="" Type="SecondShiftMobile.Test.TestFloor" />
  <Object X="4224" Y="320" Z="0" Name="" Type="SecondShiftMobile.Test.TestFloor" />
  <Object X="4224" Y="448" Z="0" Name="" Type="SecondShiftMobile.Test.TestFloor" />
  <Object X="4096" Y="448" Z="0" Name="" Type="SecondShiftMobile.Test.TestFloor" />
  <Object X="3968" Y="448" Z="0" Name="" Type="SecondShiftMobile.Test.TestFloor" />
  <Object X="3840" Y="448" Z="0" Name="" Type="SecondShiftMobile.Test.TestFloor" />
  <Object X="3712" Y="448" Z="0" Name="" Type="SecondShiftMobile.Test.TestFloor" />
  <Object X="3584" Y="448" Z="0" Name="" Type="SecondShiftMobile.Test.TestFloor" />
  <Object X="3456" Y="448" Z="0" Name="" Type="SecondShiftMobile.Test.TestFloor" />
  <Object X="3328" Y="448" Z="0" Name="" Type="SecondShiftMobile.Test.TestFloor" />
  <Object X="3200" Y="448" Z="0" Name="" Type="SecondShiftMobile.Test.TestFloor" />
  <Object X="3072" Y="448" Z="0" Name="" Type="SecondShiftMobile.Test.TestFloor" />
  <Object X="2944" Y="448" Z="0" Name="" Type="SecondShiftMobile.Test.TestFloor" />
  <Object X="2816" Y="448" Z="0" Name="" Type="SecondShiftMobile.Test.TestFloor" />
  <Object X="2688" Y="448" Z="0" Name="" Type="SecondShiftMobile.Test.TestFloor" />
  <Object X="2688" Y="320" Z="0" Name="" Type="SecondShiftMobile.Test.TestFloor" />
  <Object X="2560" Y="320" Z="0" Name="" Type="SecondShiftMobile.Test.TestFloor" />
  <Object X="2432" Y="320" Z="0" Name="" Type="SecondShiftMobile.Test.TestFloor" />
  <Object X="2304" Y="320" Z="0" Name="" Type="SecondShiftMobile.Test.TestFloor" />
  <Object X="2176" Y="320" Z="0" Name="" Type="SecondShiftMobile.Test.TestFloor" />
  <Object X="2048" Y="320" Z="0" Name="" Type="SecondShiftMobile.Test.TestFloor" />
  <Object X="1920" Y="320" Z="0" Name="" Type="SecondShiftMobile.Test.TestFloor" />
  <Object X="1920" Y="448" Z="0" Name="" Type="SecondShiftMobile.Test.TestFloor" />
  <Object X="1920" Y="576" Z="0" Name="" Type="SecondShiftMobile.Test.TestFloor" />
  <Object X="1792" Y="576" Z="0" Name="" Type="SecondShiftMobile.Test.TestFloor" />
  <Object X="1664" Y="576" Z="0" Name="" Type="SecondShiftMobile.Test.TestFloor" />
  <Object X="1536" Y="576" Z="0" Name="" Type="SecondShiftMobile.Test.TestFloor" />
  <Object X="1408" Y="576" Z="0" Name="" Type="SecondShiftMobile.Test.TestFloor" />
  <Object X="1280" Y="576" Z="0" Name="" Type="SecondShiftMobile.Test.TestFloor" />
  <Object X="1152" Y="576" Z="0" Name="" Type="SecondShiftMobile.Test.TestFloor" />
  <Object X="1024" Y="576" Z="0" Name="" Type="SecondShiftMobile.Test.TestFloor" />
  <Object X="896" Y="576" Z="0" Name="" Type="SecondShiftMobile.Test.TestFloor" />
  <Object X="768" Y="576" Z="0" Name="" Type="SecondShiftMobile.Test.TestFloor" />
  <Object X="640" Y="576" Z="0" Name="" Type="SecondShiftMobile.Test.TestFloor" />
  <Object X="512" Y="576" Z="0" Name="" Type="SecondShiftMobile.Test.TestFloor" />
  <Object X="384" Y="576" Z="0" Name="" Type="SecondShiftMobile.Test.TestFloor" />
  <Object X="256" Y="576" Z="0" Name="" Type="SecondShiftMobile.Test.TestFloor" />
  <Object X="128" Y="576" Z="0" Name="" Type="SecondShiftMobile.Test.TestFloor" />
  <Object X="0" Y="576" Z="0" Name="" Type="SecondShiftMobile.Test.TestFloor" />
  <Object X="-128" Y="576" Z="0" Name="" Type="SecondShiftMobile.Test.TestFloor" />
  <Object X="-256" Y="576" Z="0" Name="" Type="SecondShiftMobile.Test.TestFloor" />
  <Object X="-384" Y="576" Z="0" Name="" Type="SecondShiftMobile.Test.TestFloor" />
  <Object X="-832" Y="576" Z="0" Name="" Type="SecondShiftMobile.Test.TestFloor" />
  <Object X="-960" Y="576" Z="0" Name="" Type="SecondShiftMobile.Test.TestFloor" />
  <Object X="-1088" Y="576" Z="0" Name="" Type="SecondShiftMobile.Test.TestFloor" />
  <Object X="-1536" Y="576" Z="0" Name="" Type="SecondShiftMobile.Test.TestFloor" />
  <Object X="-1664" Y="576" Z="0" Name="" Type="SecondShiftMobile.Test.TestFloor" />
  <Object X="-1792" Y="576" Z="0" Name="" Type="SecondShiftMobile.Test.TestFloor" />
  <Object X="-1792" Y="448" Z="0" Name="" Type="SecondShiftMobile.Test.TestFloor" />
  <Object X="-1920" Y="448" Z="0" Name="" Type="SecondShiftMobile.Test.TestFloor" />
  <Object X="-1920" Y="576" Z="0" Name="" Type="SecondShiftMobile.Test.TestFloor" />
  <Object X="-1920" Y="704" Z="0" Name="" Type="SecondShiftMobile.Test.TestFloor" />
  <Object X="-1920" Y="832" Z="0" Name="" Type="SecondShiftMobile.Test.TestFloor" />
  <Object X="-2304" Y="448" Z="0" Name="" Type="SecondShiftMobile.Test.TestFloor" />
  <Object X="-2304" Y="320" Z="0" Name="" Type="SecondShiftMobile.Test.TestFloor" />
  <Object X="-2304" Y="192" Z="0" Name="" Type="SecondShiftMobile.Test.TestFloor" />
  <Object X="-2304" Y="64" Z="0" Name="" Type="SecondShiftMobile.Test.TestFloor" />
  <Object X="-2304" Y="-64" Z="0" Name="" Type="SecondShiftMobile.Test.TestFloor" />
  <Object X="-2304" Y="-192" Z="0" Name="" Type="SecondShiftMobile.Test.TestFloor" />
  <Object X="-2304" Y="576" Z="0" Name="" Type="SecondShiftMobile.Test.TestFloor" />
  <Object X="-2304" Y="704" Z="0" Name="" Type="SecondShiftMobile.Test.TestFloor" />
  <Object X="-2304" Y="832" Z="0" Name="" Type="SecondShiftMobile.Test.TestFloor" />
  <Object X="-2304" Y="960" Z="0" Name="" Type="SecondShiftMobile.Test.TestFloor" />
  <Object X="-2304" Y="1088" Z="0" Name="" Type="SecondShiftMobile.Test.TestFloor" />
  <Object X="-2304" Y="1216" Z="0" Name="" Type="SecondShiftMobile.Test.TestFloor" />
  <Object X="-2176" Y="1216" Z="0" Name="" Type="SecondShiftMobile.Test.TestFloor" />
  <Object X="-2048" Y="1216" Z="0" Name="" Type="SecondShiftMobile.Test.TestFloor" />
  <Object X="-1920" Y="1216" Z="0" Name="" Type="SecondShiftMobile.Test.TestFloor" />
  <Object X="-1792" Y="1216" Z="0" Name="" Type="SecondShiftMobile.Test.TestFloor" />
  <Object X="-1664" Y="1216" Z="0" Name="" Type="SecondShiftMobile.Test.TestFloor" />
  <Object X="-1536" Y="1216" Z="0" Name="" Type="SecondShiftMobile.Test.TestFloor" />
  <Object X="-1408" Y="1216" Z="0" Name="" Type="SecondShiftMobile.Test.TestFloor" />
  <Object X="-1280" Y="1216" Z="0" Name="" Type="SecondShiftMobile.Test.TestFloor" />
  <Object X="-1152" Y="1216" Z="0" Name="" Type="SecondShiftMobile.Test.TestFloor" />
  <Object X="-1024" Y="1216" Z="0" Name="" Type="SecondShiftMobile.Test.TestFloor" />
  <Object X="-896" Y="1216" Z="0" Name="" Type="SecondShiftMobile.Test.TestFloor" />
  <Object X="-768" Y="1216" Z="0" Name="" Type="SecondShiftMobile.Test.TestFloor" />
  <Object X="-640" Y="1216" Z="0" Name="" Type="SecondShiftMobile.Test.TestFloor" />
  <Object X="-512" Y="1216" Z="0" Name="" Type="SecondShiftMobile.Test.TestFloor" />
  <Object X="-384" Y="1216" Z="0" Name="" Type="SecondShiftMobile.Test.TestFloor" />
  <Object X="-256" Y="1216" Z="0" Name="" Type="SecondShiftMobile.Test.TestFloor" />
  <Object X="-128" Y="1216" Z="0" Name="" Type="SecondShiftMobile.Test.TestFloor" />
  <Object X="0" Y="1216" Z="0" Name="" Type="SecondShiftMobile.Test.TestFloor" />
  <Object X="128" Y="1216" Z="0" Name="" Type="SecondShiftMobile.Test.TestFloor" />
  <Object X="256" Y="1216" Z="0" Name="" Type="SecondShiftMobile.Test.TestFloor" />
  <Object X="384" Y="1216" Z="0" Name="" Type="SecondShiftMobile.Test.TestFloor" />
  <Object X="384" Y="1088" Z="0" Name="" Type="SecondShiftMobile.Test.TestFloor" />
  <Object X="384" Y="960" Z="0" Name="" Type="SecondShiftMobile.Test.TestFloor" />
  <Object X="384" Y="832" Z="0" Name="" Type="SecondShiftMobile.Test.TestFloor" />
  <Object X="-1920" Y="320" Z="0" Name="" Type="SecondShiftMobile.Test.TestFloor" />
  <Object X="-1920" Y="192" Z="0" Name="" Type="SecondShiftMobile.Test.TestFloor" />
  <Object X="-1920" Y="64" Z="0" Name="" Type="SecondShiftMobile.Test.TestFloor" />
  <Object X="-1920" Y="-64" Z="0" Name="" Type="SecondShiftMobile.Test.TestFloor" />
  <Object X="-1920" Y="-192" Z="0" Name="" Type="SecondShiftMobile.Test.TestFloor" />
  <Object X="-1792" Y="-192" Z="0" Name="" Type="SecondShiftMobile.Test.TestFloor" />
  <Object X="-1664" Y="-192" Z="0" Name="" Type="SecondShiftMobile.Test.TestFloor" />
  <Object X="-2304" Y="-320" Z="0" Name="" Type="SecondShiftMobile.Test.TestFloor" />
  <Object X="-1920" Y="-576" Z="0" Name="" Type="SecondShiftMobile.Test.TestFloor" />
  <Object X="-1792" Y="-576" Z="0" Name="" Type="SecondShiftMobile.Test.TestFloor" />
  <Object X="-2560" Y="-576" Z="0" Name="" Type="SecondShiftMobile.Test.TestFloor" />
  <Object X="-2560" Y="-704" Z="0" Name="" Type="SecondShiftMobile.Test.TestFloor" />
  <Object X="-2560" Y="-832" Z="0" Name="" Type="SecondShiftMobile.Test.TestFloor" />
  <Object X="-2560" Y="-960" Z="0" Name="" Type="SecondShiftMobile.Test.TestFloor" />
  <Object X="-2560" Y="-1088" Z="0" Name="" Type="SecondShiftMobile.Test.TestFloor" />
  <Object X="-2432" Y="-320" Z="0" Name="" Type="SecondShiftMobile.Test.TestFloor" />
  <Object X="-2560" Y="-320" Z="0" Name="" Type="SecondShiftMobile.Test.TestFloor" />
  <Object X="-2560" Y="-448" Z="0" Name="" Type="SecondShiftMobile.Test.TestFloor" />
  <Object X="-1664" Y="-576" Z="0" Name="" Type="SecondShiftMobile.Test.TestFloor" />
  <Object X="-1664" Y="-704" Z="0" Name="" Type="SecondShiftMobile.Test.TestFloor" />
  <Object X="-1664" Y="-832" Z="0" Name="" Type="SecondShiftMobile.Test.TestFloor" />
  <Object X="-1664" Y="-960" Z="0" Name="" Type="SecondShiftMobile.Test.TestFloor" />
  <Object X="-1664" Y="-1088" Z="0" Name="" Type="SecondShiftMobile.Test.TestFloor" />
  <Object X="-1664" Y="-1216" Z="0" Name="" Type="SecondShiftMobile.Test.TestFloor" />
  <Object X="-1536" Y="-1216" Z="0" Name="" Type="SecondShiftMobile.Test.TestFloor" />
  <Object X="-1408" Y="-1216" Z="0" Name="" Type="SecondShiftMobile.Test.TestFloor" />
  <Object X="-1280" Y="-1216" Z="0" Name="" Type="SecondShiftMobile.Test.TestFloor" />
  <Object X="-1664" Y="-64" Z="0" Name="" Type="SecondShiftMobile.Test.TestFloor" />
  <Object X="-1664" Y="64" Z="0" Name="" Type="SecondShiftMobile.Test.TestFloor" />
  <Object X="-1664" Y="192" Z="0" Name="" Type="SecondShiftMobile.Test.TestFloor" />
  <Object X="-1664" Y="320" Z="0" Name="" Type="SecondShiftMobile.Test.TestFloor" />
  <Object X="-1792" Y="320" Z="0" Name="" Type="SecondShiftMobile.Test.TestFloor" />
  <Object X="-1792" Y="192" Z="0" Name="" Type="SecondShiftMobile.Test.TestFloor" />
  <Object X="-1792" Y="64" Z="0" Name="" Type="SecondShiftMobile.Test.TestFloor" />
  <Object X="-1792" Y="-64" Z="0" Name="" Type="SecondShiftMobile.Test.TestFloor" />
  <Object X="-1664" Y="448" Z="0" Name="" Type="SecondShiftMobile.Test.TestFloor" />
  <Object X="-704" Y="-384" Z="0" Name="" Type="SecondShiftMobile.Test.MovingFloor">
    <Property Name="Scale" Info="Sets the scale of the floor object">4, 1</Property>
    <Property Name="Target Speed" Info="Sets the speed of the moving floor when it reaches its boundary">4, 0, 0</Property>
  </Object>
  <Object X="1189" Y="-146" Z="0" Name="" Type="SecondShiftMobile.SmokeEmitter" />
</Level>