<?xml version="1.0"?>
<doc>
    <assembly>
        <name>SharpDX.Toolkit.Input</name>
    </assembly>
    <members>
        <member name="T:SharpDX.Toolkit.Input.AssemblyDoc">
            <summary>
            The <see cref="A:SharpDX.Toolkit.Input"/> assembly provides a high level Input API.
            </summary>
        </member>
        <member name="T:SharpDX.Toolkit.Input.ButtonState">
            <summary>
            State of a button.
            </summary>
        </member>
        <member name="F:SharpDX.Toolkit.Input.ButtonState.Released">
            <summary>
            The button is released.
            </summary>
        </member>
        <member name="F:SharpDX.Toolkit.Input.ButtonState.Pressed">
            <summary>
            The button is pressed.
            </summary>
        </member>
        <member name="T:SharpDX.Toolkit.Input.IKeyboardService">
            <summary>
            Provides access to <see cref="T:SharpDX.Toolkit.Input.KeyboardState"/> snapshot
            </summary>
        </member>
        <member name="M:SharpDX.Toolkit.Input.IKeyboardService.GetState">
            <summary>
            Returns immediate state of keyboard at the moment of call
            </summary>
            <returns>An instance of <see cref="T:SharpDX.Toolkit.Input.KeyboardState"/> with the information about pressed keys</returns>
        </member>
        <member name="T:SharpDX.Toolkit.Input.IPointerService">
            <summary>
            Provides access to platform-independent pointer events
            </summary>
        </member>
        <member name="M:SharpDX.Toolkit.Input.IPointerService.GetState">
            <summary>
            Gets the current state of the pointer
            </summary>
            <returns>An instance of <see cref="T:SharpDX.Toolkit.Input.PointerState"/> class</returns>
        </member>
        <member name="M:SharpDX.Toolkit.Input.IPointerService.GetState(SharpDX.Toolkit.Input.PointerState)">
            <summary>
            Fills the provided object with the current pointer state information
            </summary>
            <remarks>All properties of provided object will be cleared.</remarks>
            <param name="state">The object that needs to be filled with pointer information</param>
            <exception cref="T:System.ArgumentNullException">Is thrown when <paramref name="state"/> is null</exception>
        </member>
        <member name="T:SharpDX.Toolkit.Input.KeyboardManager">
            <summary>
            Provides access to keyboard state
            </summary>
        </member>
        <member name="M:SharpDX.Toolkit.Input.KeyboardManager.#ctor(SharpDX.Toolkit.Game)">
            <summary>
            Creates a new instance of <see cref="T:SharpDX.Toolkit.Input.KeyboardManager"/> class.
            </summary>
            <param name="game">The <see cref="T:SharpDX.Toolkit.Game"/> instance whose window is used as source of keyboard input events</param>
            <exception cref="T:System.ArgumentNullException">Is thrown if <paramref name="game"/> is null</exception>
        </member>
        <member name="M:SharpDX.Toolkit.Input.KeyboardManager.Initialize">
            <summary>
            Initializes this instance and starts listening to keyboard input events
            </summary>
            <exception cref="T:System.NotSupportedException">Is thrown if keyboard manager is used on an unsupported platform.</exception>
        </member>
        <member name="M:SharpDX.Toolkit.Input.KeyboardManager.GetState">
            <summary>
            Gets current keyboard state.
            </summary>
            <returns>A snapshot of current keyboard state</returns>
        </member>
        <member name="M:SharpDX.Toolkit.Input.KeyboardManager.HandleKeyPressed(SharpDX.Toolkit.Input.Keys)">
            <summary>
            Handles the <see cref="E:SharpDX.Toolkit.Input.KeyboardPlatform.KeyPressed"/> event
            </summary>
            <param name="key">The pressed key</param>
        </member>
        <member name="M:SharpDX.Toolkit.Input.KeyboardManager.HandleKeyReleased(SharpDX.Toolkit.Input.Keys)">
            <summary>
            Handles the <see cref="E:SharpDX.Toolkit.Input.KeyboardPlatform.KeyReleased"/> event
            </summary>
            <param name="key">The released key</param>
        </member>
        <member name="T:SharpDX.Toolkit.Input.KeyboardPlatform">
            <summary>
            Provides platform-specific bindings to keyboard input events
            </summary>
        </member>
        <member name="M:SharpDX.Toolkit.Input.KeyboardPlatform.#ctor(System.Object)">
            <summary>
            Creates a new instance of <see cref="T:SharpDX.Toolkit.Input.KeyboardPlatform"/> class.
            </summary>
            <param name="nativeWindow">The native window object reference</param>
            <exception cref="T:System.ArgumentNullException">Is thrown when <paramref name="nativeWindow"/> is null</exception>
        </member>
        <member name="M:SharpDX.Toolkit.Input.KeyboardPlatform.Create(System.Object)">
            <summary>
            Creates a platform-specific instance of <see cref="T:SharpDX.Toolkit.Input.KeyboardPlatform"/> class.
            </summary>
            <param name="nativeWindow">The native window object reference</param>
            <exception cref="T:System.ArgumentNullException">Is thrown when <paramref name="nativeWindow"/> is null</exception>
            <returns>The instance of <see cref="T:SharpDX.Toolkit.Input.KeyboardPlatform"/></returns>
        </member>
        <member name="M:SharpDX.Toolkit.Input.KeyboardPlatform.BindWindow(System.Object)">
            <summary>
            Derived classes should implement platform-specific event bindings in this method
            </summary>
            <param name="nativeWindow">The native window object reference</param>
        </member>
        <member name="M:SharpDX.Toolkit.Input.KeyboardPlatform.RaiseKeyPressed(SharpDX.Toolkit.Input.Keys)">
            <summary>
            Raises the <see cref="E:SharpDX.Toolkit.Input.KeyboardPlatform.KeyPressed"/> event.
            </summary>
            <param name="key">The key that was pressed</param>
        </member>
        <member name="M:SharpDX.Toolkit.Input.KeyboardPlatform.RaiseKeyReleased(SharpDX.Toolkit.Input.Keys)">
            <summary>
            Raises the <see cref="E:SharpDX.Toolkit.Input.KeyboardPlatform.KeyReleased"/> event.
            </summary>
            <param name="key">The key that was released</param>
        </member>
        <member name="M:SharpDX.Toolkit.Input.KeyboardPlatform.Raise``1(System.Action{``0},``0)">
            <summary>
            Generic helper method to call a single-parameter event handler
            </summary>
            <remarks>This ensures that during the call - the handler reference will not be lost (due to stack-copy of delegate reference)</remarks>
            <typeparam name="TArg">The type of event argument</typeparam>
            <param name="handler">The reference to event delegate</param>
            <param name="argument">The event argument</param>
        </member>
        <member name="E:SharpDX.Toolkit.Input.KeyboardPlatform.KeyPressed">
            <summary>
            Raised when a key pressed
            </summary>
        </member>
        <member name="E:SharpDX.Toolkit.Input.KeyboardPlatform.KeyReleased">
            <summary>
            Raised when a key is released
            </summary>
        </member>
        <member name="T:SharpDX.Toolkit.Input.KeyboardState">
            <summary>
            Represents the immediate state of keyboard (pressed keys)
            </summary>
            <remarks>The returned values from member methods require computation - it is advised to cache them when they needs to be reused</remarks>
        </member>
        <member name="M:SharpDX.Toolkit.Input.KeyboardState.#ctor(System.Collections.Generic.HashSet{SharpDX.Toolkit.Input.Keys})">
            <summary>
            Initializes a new instance of <see cref="T:SharpDX.Toolkit.Input.KeyboardState"/> structure
            </summary>
            <param name="pressedKeys">a set of keys which are pressed</param>
            <exception cref="T:System.ArgumentNullException">Is thrown when <paramref name="pressedKeys"/> is null</exception>
        </member>
        <member name="M:SharpDX.Toolkit.Input.KeyboardState.IsKeyUp(SharpDX.Toolkit.Input.Keys)">
            <summary>
            Checks it the specified key is not pressed
            </summary>
            <remarks>Cache the returned value if it needs to be reused</remarks>
            <param name="key">A <see cref="T:SharpDX.Toolkit.Input.Keys"/> to check whether it is pressed or not</param>
            <returns>True if the key is not pressed; False - otherwise</returns>
        </member>
        <member name="M:SharpDX.Toolkit.Input.KeyboardState.IsKeyDown(SharpDX.Toolkit.Input.Keys)">
            <summary>
            Checks it the specified key is pressed
            </summary>
            <remarks>Cache the returned value if it needs to be reused</remarks>
            <param name="key">A <see cref="T:SharpDX.Toolkit.Input.Keys"/> to check whether it is pressed or not</param>
            <returns>True if the key is pressed; False - otherwise</returns>
        </member>
        <member name="M:SharpDX.Toolkit.Input.KeyboardState.GetPressedKeys">
            <summary>
            Gets an array with all pressed keys from this instance
            </summary>
            <remarks>Cache the returned value if it needs to be reused</remarks>
            <returns>An array of all pressed keys</returns>
        </member>
        <member name="M:SharpDX.Toolkit.Input.KeyboardState.SetKeyDown(SharpDX.Toolkit.Input.Keys)">
            <summary>
            Sets the specified key as pressed
            </summary>
            <param name="key">A <see cref="T:SharpDX.Toolkit.Input.Keys"/> which state needs to be set as pressed</param>
        </member>
        <member name="M:SharpDX.Toolkit.Input.KeyboardState.CountSetBits(System.UInt32)">
            <summary>
            Counts how many bits are set in provided value
            </summary>
            <param name="chunk">The value whose bits should be counted</param>
            <returns>The count of bits with value 1</returns>
        </member>
        <member name="M:SharpDX.Toolkit.Input.KeyboardState.AddKeysToArray(System.UInt32,System.Int32,SharpDX.Toolkit.Input.Keys[],System.Int32@)">
            <summary>
            Recomputes the <see cref="T:SharpDX.Toolkit.Input.Keys"/> value from a bit in specified <paramref name="chunk"/>,
            using specified <paramref name="arrayOffset"/> and increases the <paramref name="index"/>
            </summary>
            <param name="chunk">The chunk from whose bits should be recreated the <see cref="T:SharpDX.Toolkit.Input.Keys"/> values</param>
            <param name="arrayOffset">The offset of bit (0-256)</param>
            <param name="pressedKeys">The destination array</param>
            <param name="index">The index of element in array. Increased for every new element</param>
        </member>
        <member name="M:SharpDX.Toolkit.Input.KeyboardState.Equals(SharpDX.Toolkit.Input.KeyboardState)">
            <summary>
            Indicates whether the current object is equal to another object of the same type.
            </summary>
            <param name="other">An object to compare with this object.</param>
            <returns>true if the current object is equal to the <paramref name="other" /> parameter; otherwise, false.</returns>
        </member>
        <member name="M:SharpDX.Toolkit.Input.KeyboardState.op_Equality(SharpDX.Toolkit.Input.KeyboardState,SharpDX.Toolkit.Input.KeyboardState)">
            <summary>
            Implements the ==.
            </summary>
            <param name="left">The left.</param>
            <param name="right">The right.</param>
            <returns>The result of the operator.</returns>
        </member>
        <member name="M:SharpDX.Toolkit.Input.KeyboardState.op_Inequality(SharpDX.Toolkit.Input.KeyboardState,SharpDX.Toolkit.Input.KeyboardState)">
            <summary>
            Implements the !=.
            </summary>
            <param name="left">The left.</param>
            <param name="right">The right.</param>
            <returns>The result of the operator.</returns>
        </member>
        <member name="P:SharpDX.Toolkit.Input.KeyboardState.Item(SharpDX.Toolkit.Input.Keys)">
            <summary>
            Gets the state of specified key
            </summary>
            <remarks>Cache the returned value if it needs to be reused</remarks>
            <param name="key">A <see cref="T:SharpDX.Toolkit.Input.Keys"/> to check whether it is pressed or not</param>
            <returns><see cref="F:SharpDX.Toolkit.Input.KeyState.Down"/> if the <paramref name="key"/> is pressed; <see cref="F:SharpDX.Toolkit.Input.KeyState.Up"/> otherwise.</returns>
        </member>
        <member name="T:SharpDX.Toolkit.Input.KeyboardState.KeyInfo">
            <summary>
            Represents information about where should be stored information about a key.
            Created to avoid code duplication.
            </summary>
        </member>
        <member name="F:SharpDX.Toolkit.Input.KeyboardState.KeyInfo.ChunkIndex">
            <summary>
            Index of 32-bit chunk where the key flag is stored
            </summary>
        </member>
        <member name="F:SharpDX.Toolkit.Input.KeyboardState.KeyInfo.KeyBitFlagIndex">
            <summary>
            Index of flag in the chunk
            </summary>
        </member>
        <member name="M:SharpDX.Toolkit.Input.KeyboardState.KeyInfo.#ctor(SharpDX.Toolkit.Input.Keys)">
            <summary>
            Initializes a new instance of <see cref="T:SharpDX.Toolkit.Input.KeyboardState.KeyInfo"/> structure
            </summary>
            <param name="key">The key whose storage information needs to be computed.</param>
        </member>
        <member name="T:SharpDX.Toolkit.Input.KeyModifiers">
            <summary>
            These flags represent the corresponding modifier keys that were pressed at some specific event.
            </summary>
        </member>
        <member name="F:SharpDX.Toolkit.Input.KeyModifiers.None">
            <summary>
            No modifier key are pressed.
            </summary>
        </member>
        <member name="F:SharpDX.Toolkit.Input.KeyModifiers.Control">
            <summary>
            The CTRL modifier key.
            </summary>
        </member>
        <member name="F:SharpDX.Toolkit.Input.KeyModifiers.Shift">
            <summary>
            The SHIFT modifier key.
            </summary>
        </member>
        <member name="F:SharpDX.Toolkit.Input.KeyModifiers.Menu">
            <summary>
            The ALT modifier key.
            </summary>
        </member>
        <member name="F:SharpDX.Toolkit.Input.KeyModifiers.Windows">
            <summary>
            The WIN modifier key.
            </summary>
        </member>
        <member name="T:SharpDX.Toolkit.Input.Keys">
            <summary>
            Keyboard buttons
            </summary>
            <remarks>At this time only 256 key codes are supported</remarks>
        </member>
        <member name="T:SharpDX.Toolkit.Input.NamespaceDoc">
            <summary>
            The <see cref="N:SharpDX.Toolkit.Input"/> namespace provides a high level Input API.
            </summary>
        </member>
        <member name="T:SharpDX.Toolkit.Input.IMouseService">
            <summary>
            Service provides access to mouse state
            </summary>
        </member>
        <member name="M:SharpDX.Toolkit.Input.IMouseService.GetState">
            <summary>
            Gets current mouse state.
            </summary>
            <returns>A snapshot of current mouse state</returns>
        </member>
        <member name="M:SharpDX.Toolkit.Input.IMouseService.SetPosition(SharpDX.Vector2)">
            <summary>
            Sets the position of mouse pointer
            </summary>
            <param name="point">The desired position</param>
        </member>
        <member name="T:SharpDX.Toolkit.Input.KeyState">
            <summary>
            Represents the state of a keyboard key or mouse button
            </summary>
        </member>
        <member name="F:SharpDX.Toolkit.Input.KeyState.Up">
            <summary>
            Key is released (not pressed)
            </summary>
        </member>
        <member name="F:SharpDX.Toolkit.Input.KeyState.Down">
            <summary>
            Key is pressed
            </summary>
        </member>
        <member name="T:SharpDX.Toolkit.Input.MouseButton">
            <summary>
            Represents a mouse button
            </summary>
        </member>
        <member name="F:SharpDX.Toolkit.Input.MouseButton.None">
            <summary>
            No button ('null-object' pattern)
            </summary>
        </member>
        <member name="F:SharpDX.Toolkit.Input.MouseButton.Left">
            <summary>
            Left mouse button
            </summary>
        </member>
        <member name="F:SharpDX.Toolkit.Input.MouseButton.Middle">
            <summary>
            Middle mouse button
            </summary>
        </member>
        <member name="F:SharpDX.Toolkit.Input.MouseButton.Right">
            <summary>
            Right mouse button
            </summary>
        </member>
        <member name="F:SharpDX.Toolkit.Input.MouseButton.XButton1">
            <summary>
            Mouse X-Button 1
            </summary>
        </member>
        <member name="F:SharpDX.Toolkit.Input.MouseButton.XButton2">
            <summary>
            Mouse X-Button 2
            </summary>
        </member>
        <member name="T:SharpDX.Toolkit.Input.MouseManager">
            <summary>
            The <see cref="T:SharpDX.Toolkit.Input.MouseManager"/> component provides access to mouse state
            </summary>
        </member>
        <member name="M:SharpDX.Toolkit.Input.MouseManager.#ctor(SharpDX.Toolkit.Game)">
            <summary>
            Initializes a new instance of <see cref="T:SharpDX.Toolkit.Input.MouseManager"/> class
            </summary>
            <param name="game">The <see cref="T:SharpDX.Toolkit.Game"/> instance whose window is used as source of mouse input events</param>
            <exception cref="T:System.ArgumentNullException">Is thrown if <paramref name="game"/> is null</exception>
        </member>
        <member name="M:SharpDX.Toolkit.Input.MouseManager.Initialize">
            <summary>
            Initializes this instance and starts listening to mouse input events
            </summary>
            <exception cref="T:System.NotSupportedException">Is thrown if mouse manager is used on an unsupported platform.</exception>
        </member>
        <member name="M:SharpDX.Toolkit.Input.MouseManager.GetState">
            <summary>
            Gets current mouse state.
            </summary>
            <returns>A snapshot of current mouse state</returns>
            <exception cref="T:System.NullReferenceException">Is thrown if <see cref="M:SharpDX.Toolkit.Input.MouseManager.Initialize"/> is not called.</exception>
        </member>
        <member name="M:SharpDX.Toolkit.Input.MouseManager.SetPosition(SharpDX.Vector2)">
            <summary>
            Sets the position of mouse pointer
            </summary>
            <param name="point">The desired position in the range X/Y [0,1]</param>
            <exception cref="T:System.InvalidOperationException">Is thrown when <see cref="T:SharpDX.Toolkit.Input.MouseManager"/> is not initialized</exception>
        </member>
        <member name="M:SharpDX.Toolkit.Input.MouseManager.HandleMouseDown(SharpDX.Toolkit.Input.MouseButton)">
            <summary>
            Handler for <see cref="E:SharpDX.Toolkit.Input.MousePlatform.MouseDown"/> event
            </summary>
            <param name="button">The pressed button</param>
        </member>
        <member name="M:SharpDX.Toolkit.Input.MouseManager.HandleMouseUp(SharpDX.Toolkit.Input.MouseButton)">
            <summary>
            Handler for <see cref="E:SharpDX.Toolkit.Input.MousePlatform.MouseUp"/> event
            </summary>
            <param name="button">The pressed button</param>
        </member>
        <member name="M:SharpDX.Toolkit.Input.MouseManager.HandleWheelDelta(System.Int32)">
            <summary>
            Handler for <see cref="E:SharpDX.Toolkit.Input.MousePlatform.MouseWheelDelta"/> event
            </summary>
            <param name="wheelDelta">The pressed button</param>
        </member>
        <member name="M:SharpDX.Toolkit.Input.MouseManager.SetButtonStateTo(SharpDX.Toolkit.Input.MouseButton,SharpDX.Toolkit.Input.ButtonState)">
            <summary>
            Sets the state of specified mouse button
            </summary>
            <param name="button">The button whose state needs to be set.</param>
            <param name="state">The new state of the button.</param>
            <exception cref="T:System.ArgumentOutOfRangeException">Is thrown if the <paramref name="button"/> has an unknown value.</exception>
        </member>
        <member name="T:SharpDX.Toolkit.Input.MouseState">
            <summary>
            The <see cref="T:SharpDX.Toolkit.Input.MouseState"/> structure represents a snapshot of mouse state.
            </summary>
            <remarks>Is immutable.</remarks>
        </member>
        <member name="M:SharpDX.Toolkit.Input.MouseState.#ctor(SharpDX.Toolkit.Input.ButtonState,SharpDX.Toolkit.Input.ButtonState,SharpDX.Toolkit.Input.ButtonState,SharpDX.Toolkit.Input.ButtonState,SharpDX.Toolkit.Input.ButtonState,System.Single,System.Single,System.Int32)">
            <summary>
            Initializes a new instance of the <see cref="T:SharpDX.Toolkit.Input.MouseState"/> structure.
            </summary>
            <param name="left">State of the left button</param>
            <param name="middle">State of the middle button</param>
            <param name="right">State of the right button</param>
            <param name="xButton1">State of the X-Button 1</param>
            <param name="xButton2">State of the X-Button 2</param>
            <param name="x">X-position of the mouse cursor</param>
            <param name="y">Y-position of the mouse cursor</param>
            <param name="wheelDelta">Delta of mouse wheel relative to previous input event</param>
        </member>
        <member name="M:SharpDX.Toolkit.Input.MouseState.Equals(SharpDX.Toolkit.Input.MouseState)">
            <summary>
            Indicates whether the current object is equal to another object of the same type.
            </summary>
            <param name="other">An object to compare with this object.</param>
            <returns>true if the current object is equal to the <paramref name="other" /> parameter; otherwise, false.</returns>
        </member>
        <member name="M:SharpDX.Toolkit.Input.MouseState.op_Equality(SharpDX.Toolkit.Input.MouseState,SharpDX.Toolkit.Input.MouseState)">
            <summary>
            Implements the ==.
            </summary>
            <param name="left">The left.</param>
            <param name="right">The right.</param>
            <returns>The result of the operator.</returns>
        </member>
        <member name="M:SharpDX.Toolkit.Input.MouseState.op_Inequality(SharpDX.Toolkit.Input.MouseState,SharpDX.Toolkit.Input.MouseState)">
            <summary>
            Implements the !=.
            </summary>
            <param name="left">The left.</param>
            <param name="right">The right.</param>
            <returns>The result of the operator.</returns>
        </member>
        <member name="P:SharpDX.Toolkit.Input.MouseState.Left">
            <summary>
            State of the left button
            </summary>
        </member>
        <member name="P:SharpDX.Toolkit.Input.MouseState.Middle">
            <summary>
            State of the middle button
            </summary>
        </member>
        <member name="P:SharpDX.Toolkit.Input.MouseState.Right">
            <summary>
            State of the right button
            </summary>
        </member>
        <member name="P:SharpDX.Toolkit.Input.MouseState.XButton1">
            <summary>
            State of the X-Button 1
            </summary>
        </member>
        <member name="P:SharpDX.Toolkit.Input.MouseState.XButton2">
            <summary>
            State of the X-Button 2
            </summary>
        </member>
        <member name="P:SharpDX.Toolkit.Input.MouseState.X">
            <summary>
            X-position of the mouse cursor in the range [0,1]
            </summary>
        </member>
        <member name="P:SharpDX.Toolkit.Input.MouseState.Y">
            <summary>
            Y-position of the mouse cursor in the range [0,1]
            </summary>
        </member>
        <member name="P:SharpDX.Toolkit.Input.MouseState.WheelDelta">
            <summary>
            Gets the cumulative mouse scroll wheel value since the game was started.
            </summary>
        </member>
        <member name="T:SharpDX.Toolkit.Input.PointerDeviceType">
            <summary>
            Represent the specific pointer device type
            </summary>
        </member>
        <member name="F:SharpDX.Toolkit.Input.PointerDeviceType.Touch">
            <summary>
            Touch pointer device. A touchscreen, for example.
            </summary>
        </member>
        <member name="F:SharpDX.Toolkit.Input.PointerDeviceType.Pen">
            <summary>
            The pen pointer device.
            </summary>
        </member>
        <member name="F:SharpDX.Toolkit.Input.PointerDeviceType.Mouse">
            <summary>
            The mouse.
            </summary>
        </member>
        <member name="T:SharpDX.Toolkit.Input.PointerEventType">
            <summary>
            Represents the type of pointer event
            </summary>
        </member>
        <member name="F:SharpDX.Toolkit.Input.PointerEventType.CaptureLost">
            <summary>
            The pointer capture was lost
            </summary>
        </member>
        <member name="F:SharpDX.Toolkit.Input.PointerEventType.Entered">
            <summary>
            The pointer entered the current control bounds
            </summary>
        </member>
        <member name="F:SharpDX.Toolkit.Input.PointerEventType.Exited">
            <summary>
            The pointer exited the current control bounds
            </summary>
        </member>
        <member name="F:SharpDX.Toolkit.Input.PointerEventType.Moved">
            <summary>
            The pointer moved over the current control bounds
            </summary>
        </member>
        <member name="F:SharpDX.Toolkit.Input.PointerEventType.Pressed">
            <summary>
            The pointer was pressed
            </summary>
        </member>
        <member name="F:SharpDX.Toolkit.Input.PointerEventType.Released">
            <summary>
            The pointer was released
            </summary>
        </member>
        <member name="F:SharpDX.Toolkit.Input.PointerEventType.WheelChanged">
            <summary>
            The pointer wheel changed its state
            </summary>
        </member>
        <member name="T:SharpDX.Toolkit.Input.PointerManager">
            <summary>
            Provides cross-platform access to pointer events
            </summary>
        </member>
        <member name="M:SharpDX.Toolkit.Input.PointerManager.#ctor(SharpDX.Toolkit.Game)">
            <summary>
            Initializes a new instance of <see cref="T:SharpDX.Toolkit.Input.PointerManager"/> class
            </summary>
            <param name="game">The <see cref="T:SharpDX.Toolkit.Game"/> instance whose window is used as source of pointer input events</param>
            <exception cref="T:System.ArgumentNullException">Is thrown if <paramref name="game"/> is null</exception>
        </member>
        <member name="M:SharpDX.Toolkit.Input.PointerManager.Initialize">
            <summary>
            Initializes this instance of <see cref="T:SharpDX.Toolkit.Input.PointerManager"/> class.
            </summary>
            <exception cref="T:System.NotSupportedException">Is thrown when this functionality is not supported on current platform</exception>
        </member>
        <member name="M:SharpDX.Toolkit.Input.PointerManager.GetState">
            <inheritdoc/>
        </member>
        <member name="M:SharpDX.Toolkit.Input.PointerManager.GetState(SharpDX.Toolkit.Input.PointerState)">
            <inheritdoc/>
        </member>
        <member name="M:SharpDX.Toolkit.Input.PointerManager.Update(SharpDX.Toolkit.GameTime)">
            <inheritdoc/>
        </member>
        <member name="M:SharpDX.Toolkit.Input.PointerManager.AddPointerEvent(SharpDX.Toolkit.Input.PointerPoint@)">
            <summary>
            Adds a pointer point to the raised events collection. It will be copied to pointer state at next update.
            </summary>
            <param name="point">The raised pointer event</param>
        </member>
        <member name="M:SharpDX.Toolkit.Input.PointerManager.RaiseEvent(System.EventHandler{System.EventArgs})">
            <summary>
            Raises a simple event in a thread-safe way due to stack-copy of delegate reference
            </summary>
            <param name="handler">The event handler that needs to be raised</param>
        </member>
        <member name="P:SharpDX.Toolkit.Input.PointerManager.Enabled">
            <inheritdoc/>
        </member>
        <member name="P:SharpDX.Toolkit.Input.PointerManager.UpdateOrder">
            <inheritdoc/>
        </member>
        <member name="E:SharpDX.Toolkit.Input.PointerManager.EnabledChanged">
            <inheritdoc/>
        </member>
        <member name="E:SharpDX.Toolkit.Input.PointerManager.UpdateOrderChanged">
            <inheritdoc/>
        </member>
        <member name="T:SharpDX.Toolkit.Input.PointerPlatform">
            <summary>
            Base class for platform-specific event bindings
            </summary>
        </member>
        <member name="M:SharpDX.Toolkit.Input.PointerPlatform.#ctor(System.Object,SharpDX.Toolkit.Input.PointerManager)">
            <summary>
            Initializes a new instance of <see cref="T:SharpDX.Toolkit.Input.PointerPlatform"/> class
            </summary>
            <param name="nativeWindow">The platform-specific reference to window object</param>
            <param name="manager">The <see cref="T:SharpDX.Toolkit.Input.PointerManager"/> whose events will be raised in response to platform-specific events</param>
            <exception cref="T:System.ArgumentNullException">Is thrown when either <paramref name="nativeWindow"/> or <paramref name="manager"/> is null.</exception>
        </member>
        <member name="M:SharpDX.Toolkit.Input.PointerPlatform.Create(System.Object,SharpDX.Toolkit.Input.PointerManager)">
            <summary>
            Creates a platform-specific instance of <see cref="T:SharpDX.Toolkit.Input.PointerPlatform"/> class.
            </summary>
            <param name="nativeWindow">The platform-specific reference to window object</param>
            <param name="manager">The <see cref="T:SharpDX.Toolkit.Input.PointerManager"/> whose events will be raised in response to platform-specific events</param>
            <exception cref="T:System.ArgumentNullException">Is thrown when either <paramref name="nativeWindow"/> or <paramref name="manager"/> is null.</exception>
            <exception cref="T:System.NotSupportedException">Is thrown when this functionality is not supported on current platform</exception>
            <returns>The platform-specific instance.</returns>
        </member>
        <member name="M:SharpDX.Toolkit.Input.PointerPlatform.BindWindow(System.Object)">
            <summary>
            Derived classes should perform the binding to platform-specific events on <paramref name="nativeWindow"/> and raise the corresponding events on <paramref name="manager"/>.
            </summary>
            <param name="nativeWindow">The platform-specific reference to window object</param>
        </member>
        <member name="T:SharpDX.Toolkit.Input.PointerPlatformWP8">
            <summary>
            WinPhone 8 platform-specific implementation of <see cref="T:SharpDX.Toolkit.Input.PointerPlatform"/>.
            </summary>
            <remarks>Implements <see cref="T:Windows.Phone.Input.Interop.IDrawingSurfaceManipulationHandler"/>.</remarks>
        </member>
        <member name="M:SharpDX.Toolkit.Input.PointerPlatformWP8.#ctor(System.Object,SharpDX.Toolkit.Input.PointerManager)">
            <summary>
            Initializes a new instance of <see cref="T:SharpDX.Toolkit.Input.PointerPlatformWP8"/> class.
            </summary>
            <param name="nativeWindow">The platform-specific reference to window object</param>
            <param name="manager">The <see cref="T:SharpDX.Toolkit.Input.PointerManager"/> whose events will be raised in response to platform-specific events</param>
            <exception cref="T:System.ArgumentNullException">Is thrown when either <paramref name="nativeWindow"/> or <paramref name="manager"/> is null.</exception>
        </member>
        <member name="M:SharpDX.Toolkit.Input.PointerPlatformWP8.BindWindow(System.Object)">
            <inheritdoc />
        </member>
        <member name="M:SharpDX.Toolkit.Input.PointerPlatformWP8.BindManipulationEvents(System.Windows.Controls.DrawingSurface)">
            <summary>
            Binds the corresponding event handler to the provided <see cref="T:System.Windows.Controls.DrawingSurfaceBackgroundGrid"/>
            </summary>
            <param name="drawingSurface">An instance of <see cref="T:System.Windows.Controls.DrawingSurfaceBackgroundGrid"/> whose events needs to be bound to</param>
            <exception cref="T:System.ArgumentNullException">Is thrown if <paramref name="drawingSurface"/> is null</exception>
        </member>
        <member name="M:SharpDX.Toolkit.Input.PointerPlatformWP8.BindManipulationEvents(System.Windows.Controls.DrawingSurfaceBackgroundGrid)">
            <summary>
            Binds the corresponding event handler to the provided <see cref="T:System.Windows.Controls.DrawingSurfaceBackgroundGrid"/>
            </summary>
            <param name="grid">An instance of <see cref="T:System.Windows.Controls.DrawingSurfaceBackgroundGrid"/> whose events needs to be bound to</param>
            <exception cref="T:System.ArgumentNullException">Is thrown if <paramref name="grid"/> is null</exception>
        </member>
        <member name="M:SharpDX.Toolkit.Input.PointerPlatformWP8.Windows#Phone#Input#Interop#IDrawingSurfaceManipulationHandler#SetManipulationHost(Windows.Phone.Input.Interop.DrawingSurfaceManipulationHost)">
            <summary>
            Binds to the following events:
             <see cref="E:Windows.Phone.Input.Interop.DrawingSurfaceManipulationHost.PointerMoved"/>,
             <see cref="E:Windows.Phone.Input.Interop.DrawingSurfaceManipulationHost.PointerPressed"/>,
             <see cref="E:Windows.Phone.Input.Interop.DrawingSurfaceManipulationHost.PointerReleased"/>
            </summary>
            <param name="manipulationHost">An instance of <see cref="T:Windows.Phone.Input.Interop.DrawingSurfaceManipulationHost"/>.</param>
            <exception cref="T:System.ArgumentNullException">Is thrown if <paramref name="manipulationHost"/> is null.</exception>
        </member>
        <member name="M:SharpDX.Toolkit.Input.PointerPlatformWP8.CreateAndAddPoint(SharpDX.Toolkit.Input.PointerEventType,Windows.UI.Input.PointerPoint)">
            <summary>
            Creates a platform-independent instance of <see cref="T:SharpDX.Toolkit.Input.PointerPoint"/> class from WP8-specific objects.
            </summary>
            <param name="type">The pointer event type.</param>
            <param name="point">The WP8-specific instance of pointer point.</param>
            <returns>An instance of <see cref="T:SharpDX.Toolkit.Input.PointerPoint"/> class.</returns>
        </member>
        <member name="T:SharpDX.Toolkit.Input.PointerPoint">
            <summary>
            Represents a platform-independent information about a pointer event.
            </summary>
        </member>
        <member name="M:SharpDX.Toolkit.Input.PointerPoint.Equals(SharpDX.Toolkit.Input.PointerPoint)">
            <summary>
            Indicates whether the current object is equal to another object of the same type.
            </summary>
            <param name="other">An object to compare with this object.</param>
            <returns>true if the current object is equal to the <paramref name="other" /> parameter; otherwise, false.</returns>
        </member>
        <member name="M:SharpDX.Toolkit.Input.PointerPoint.op_Equality(SharpDX.Toolkit.Input.PointerPoint,SharpDX.Toolkit.Input.PointerPoint)">
            <summary>
            Implements the ==.
            </summary>
            <param name="left">The left.</param>
            <param name="right">The right.</param>
            <returns>The result of the operator.</returns>
        </member>
        <member name="M:SharpDX.Toolkit.Input.PointerPoint.op_Inequality(SharpDX.Toolkit.Input.PointerPoint,SharpDX.Toolkit.Input.PointerPoint)">
            <summary>
            Implements the !=.
            </summary>
            <param name="left">The left.</param>
            <param name="right">The right.</param>
            <returns>The result of the operator.</returns>
        </member>
        <member name="P:SharpDX.Toolkit.Input.PointerPoint.EventType">
            <summary>
            The type of event that represents current pointer point
            </summary>
        </member>
        <member name="P:SharpDX.Toolkit.Input.PointerPoint.DeviceType">
            <summary>
            The device type that raised the event.
            </summary>
        </member>
        <member name="P:SharpDX.Toolkit.Input.PointerPoint.PointerId">
            <summary>
            An unique identifier of this pointer input point.
            </summary>
        </member>
        <member name="P:SharpDX.Toolkit.Input.PointerPoint.Position">
            <summary>
            The location of pointer input point in client coordinates.
            </summary>
        </member>
        <member name="P:SharpDX.Toolkit.Input.PointerPoint.Timestamp">
            <summary>
            The timestamp when the event occurred.
            </summary>
        </member>
        <member name="P:SharpDX.Toolkit.Input.PointerPoint.KeyModifiers">
            <summary>
            The pressed key modifiers when the event occurred.
            </summary>
        </member>
        <member name="P:SharpDX.Toolkit.Input.PointerPoint.ContactRect">
            <summary>
            The bounding rectangle of the contact area (typically for touch).
            </summary>
        </member>
        <member name="P:SharpDX.Toolkit.Input.PointerPoint.IsBarrelButtonPressed">
            <summary>
            Indicates whether the barrel button of the pen/stylus device is pressed.
            </summary>
        </member>
        <member name="P:SharpDX.Toolkit.Input.PointerPoint.IsCanceled">
            <summary>
            Indicates whether the input was canceled by pointer device.
            </summary>
        </member>
        <member name="P:SharpDX.Toolkit.Input.PointerPoint.IsEraser">
            <summary>
            Indicates whether the input is from the digitizer eraser.
            </summary>
        </member>
        <member name="P:SharpDX.Toolkit.Input.PointerPoint.IsHorizontalMouseWheel">
            <summary>
            Indicates whether the input is from the mouse tilt wheel.
            </summary>
        </member>
        <member name="P:SharpDX.Toolkit.Input.PointerPoint.IsInRange">
            <summary>
            Indicates whether the finger or pen is in range of the digitizer.
            </summary>
        </member>
        <member name="P:SharpDX.Toolkit.Input.PointerPoint.IsInverted">
            <summary>
            Indicates whether the digitizer is inverted.
            </summary>
        </member>
        <member name="P:SharpDX.Toolkit.Input.PointerPoint.IsLeftButtonPressed">
            <summary>
            Indicates whether the input is from the left button of the mouse or other input device.
            </summary>
        </member>
        <member name="P:SharpDX.Toolkit.Input.PointerPoint.IsMiddleButtonPressed">
            <summary>
            Indicates whether the input is from the middle button of the mouse or other input device.
            </summary>
        </member>
        <member name="P:SharpDX.Toolkit.Input.PointerPoint.IsRightButtonPressed">
            <summary>
            Indicates whether the input is from the right button of the mouse or other input device.
            </summary>
        </member>
        <member name="P:SharpDX.Toolkit.Input.PointerPoint.IsXButton1Pressed">
            <summary>
            Indicates whether the input is from the X button 1 of the mouse or other input device.
            </summary>
        </member>
        <member name="P:SharpDX.Toolkit.Input.PointerPoint.IsXButton2Pressed">
            <summary>
            Indicates whether the input is from the X button 2 of the mouse or other input device.
            </summary>
        </member>
        <member name="P:SharpDX.Toolkit.Input.PointerPoint.IsPrimary">
            <summary>
            Indicates whether the input is from the primary pointer when multiple pointers are registered.
            </summary>
        </member>
        <member name="P:SharpDX.Toolkit.Input.PointerPoint.MouseWheelDelta">
            <summary>
            Indicates the raw device value of the change in wheel button input from the last event.
            </summary>
        </member>
        <member name="P:SharpDX.Toolkit.Input.PointerPoint.Orientation">
            <summary>
            Indicates the counter-clockwise angle of the pointer device around the z-axis (perpendicular to digitizer).
            </summary>
        </member>
        <member name="P:SharpDX.Toolkit.Input.PointerPoint.TouchConfidence">
            <summary>
            Indicates whether the pointer device rejected the touch input.
            </summary>
        </member>
        <member name="P:SharpDX.Toolkit.Input.PointerPoint.Twist">
            <summary>
            Indicates the clock-wise rotation of the pointer device around its own major axis.
            </summary>
        </member>
        <member name="P:SharpDX.Toolkit.Input.PointerPoint.XTilt">
            <summary>
            Indicates the plane angle between the Y-Z plane and the plane that contain the Y axis and the axis of the input device (typically pen or stylus).
            </summary>
        </member>
        <member name="P:SharpDX.Toolkit.Input.PointerPoint.YTilt">
            <summary>
            Indicates the plane angle between the X-Z plane and the plane that contain the X axis and the axis of the input device (typically pen or stylus).
            </summary>
        </member>
        <member name="P:SharpDX.Toolkit.Input.PointerPoint.PointerUpdateKind">
            <summary>
            Indicates the kind of pointer state change.
            </summary>
        </member>
        <member name="T:SharpDX.Toolkit.Input.PointerState">
            <summary>
            Contains collection of <see cref="T:SharpDX.Toolkit.Input.PointerPoint"/>
            </summary>
        </member>
        <member name="M:SharpDX.Toolkit.Input.PointerState.#ctor">
            <summary>
            Initializes a new instance of <see cref="T:SharpDX.Toolkit.Input.PointerState"/> class
            </summary>
        </member>
        <member name="P:SharpDX.Toolkit.Input.PointerState.Points">
            <summary>
            The collection of <see cref="T:SharpDX.Toolkit.Input.PointerPoint"/> that were raised at some specific time
            </summary>
        </member>
        <member name="T:SharpDX.Toolkit.Input.PointerUpdateKind">
            <summary>
            Indicates the kind of the pointer state change.
            </summary>
        </member>
        <member name="F:SharpDX.Toolkit.Input.PointerUpdateKind.Other">
            <summary>
            Other pointer event.
            </summary>
        </member>
        <member name="F:SharpDX.Toolkit.Input.PointerUpdateKind.LeftButtonPressed">
            <summary>
            The left device button was pressed.
            </summary>
        </member>
        <member name="F:SharpDX.Toolkit.Input.PointerUpdateKind.LeftButtonReleased">
            <summary>
            The left device button was released.
            </summary>
        </member>
        <member name="F:SharpDX.Toolkit.Input.PointerUpdateKind.RightButtonPressed">
            <summary>
            The right device button was pressed.
            </summary>
        </member>
        <member name="F:SharpDX.Toolkit.Input.PointerUpdateKind.RightButtonReleased">
            <summary>
            The right device button was released.
            </summary>
        </member>
        <member name="F:SharpDX.Toolkit.Input.PointerUpdateKind.MiddleButtonPressed">
            <summary>
            The middle device button was pressed.
            </summary>
        </member>
        <member name="F:SharpDX.Toolkit.Input.PointerUpdateKind.MiddleButtonReleased">
            <summary>
            The middle device button was released.
            </summary>
        </member>
        <member name="F:SharpDX.Toolkit.Input.PointerUpdateKind.XButton1Pressed">
            <summary>
            The device X-button 1 was pressed.
            </summary>
        </member>
        <member name="F:SharpDX.Toolkit.Input.PointerUpdateKind.XButton1Released">
            <summary>
            The device X-button 1 was released.
            </summary>
        </member>
        <member name="F:SharpDX.Toolkit.Input.PointerUpdateKind.XButton2Pressed">
            <summary>
            The device X-button 2 was pressed.
            </summary>
        </member>
        <member name="F:SharpDX.Toolkit.Input.PointerUpdateKind.XButton2Released">
            <summary>
            The device X-button 2 was released.
            </summary>
        </member>
        <member name="T:SharpDX.Toolkit.Input.MousePlatform">
            <summary>
            Base class for platform-specific event bindings
            </summary>
        </member>
        <member name="M:SharpDX.Toolkit.Input.MousePlatform.#ctor(System.Object)">
            <summary>
            Initializes a new instance of <see cref="T:SharpDX.Toolkit.Input.MousePlatform"/> class
            </summary>
            <param name="nativeWindow">The native window object reference</param>
            <exception cref="T:System.ArgumentNullException">Is thrown when <paramref name="nativeWindow"/> is null</exception>
        </member>
        <member name="M:SharpDX.Toolkit.Input.MousePlatform.Create(System.Object)">
            <summary>
            Creates a platform-specific instance of <see cref="T:SharpDX.Toolkit.Input.MousePlatform"/> class.
            </summary>
            <param name="nativeWindow">The native window object reference</param>
            <exception cref="T:System.ArgumentNullException">Is thrown when <paramref name="nativeWindow"/> is null</exception>
            <returns>The instance of <see cref="T:SharpDX.Toolkit.Input.MousePlatform"/></returns>
        </member>
        <member name="M:SharpDX.Toolkit.Input.MousePlatform.GetLocation">
            <summary>
            Returns the location of mouse cursor relative to program window
            </summary>
            <returns></returns>
        </member>
        <member name="M:SharpDX.Toolkit.Input.MousePlatform.SetLocation(SharpDX.Vector2)">
            <summary>
            Sets the mouse cursor location.
            </summary>
            <param name="point">The position in space [0,1].</param>
            <remarks>Supported only on Desktop platform. On other platforms the call of this method has no effect.</remarks>
        </member>
        <member name="M:SharpDX.Toolkit.Input.MousePlatform.BindWindow(System.Object)">
            <summary>
            Derived classes should implement platform-specific event bindings in this method
            </summary>
            <param name="nativeWindow">The native window object reference</param>
        </member>
        <member name="M:SharpDX.Toolkit.Input.MousePlatform.GetLocationInternal">
            <summary>
            Derived classes should implement platform-specific code to retrieve the mouse cursor location
            </summary>
        </member>
        <member name="M:SharpDX.Toolkit.Input.MousePlatform.OnMouseDown(SharpDX.Toolkit.Input.MouseButton)">
            <summary>
            Raises the <see cref="E:SharpDX.Toolkit.Input.MousePlatform.MouseDown"/> event
            </summary>
            <param name="button">Mouse button which has been pressed</param>
        </member>
        <member name="M:SharpDX.Toolkit.Input.MousePlatform.OnMouseUp(SharpDX.Toolkit.Input.MouseButton)">
            <summary>
            Raises the <see cref="E:SharpDX.Toolkit.Input.MousePlatform.MouseUp"/> event
            </summary>
            <param name="button">Mouse button which has been released</param>
        </member>
        <member name="M:SharpDX.Toolkit.Input.MousePlatform.OnMouseWheel(System.Int32)">
            <summary>
            Raises the <see cref="E:SharpDX.Toolkit.Input.MousePlatform.MouseWheelDelta"/> event
            </summary>
            <param name="wheelDelta">Current value of mouse wheel delta</param>
        </member>
        <member name="M:SharpDX.Toolkit.Input.MousePlatform.Raise``1(System.Action{``0},``0)">
            <summary>
            Generic helper method to call a single-parameter event handler
            </summary>
            <remarks>This ensures that during the call - the handler reference will not be lost (due to stack-copy of delegate reference)</remarks>
            <typeparam name="TArg">The type of event argument</typeparam>
            <param name="handler">The reference to event delegate</param>
            <param name="argument">The event argument</param>
        </member>
        <member name="E:SharpDX.Toolkit.Input.MousePlatform.MouseDown">
            <summary>
            Raised when a button is pressed
            </summary>
        </member>
        <member name="E:SharpDX.Toolkit.Input.MousePlatform.MouseUp">
            <summary>
            Raised when a button is released
            </summary>
        </member>
        <member name="E:SharpDX.Toolkit.Input.MousePlatform.MouseWheelDelta">
            <summary>
            Raised when mouse wheel delta is changed
            </summary>
        </member>
    </members>
</doc>
