<Cutscene Class="SecondShiftMobile.Cutscenes.Scenes.TestScene2">
  <Action AutoExecute="true" Type="LoadLevel" ClearObjects="true" Name="">
    <Time />
    <LevelName>TestCity</LevelName>
  </Action>
  <Action AutoExecute="true" Type="SetMusicState" SongName="Fairy Tail Sad" Name="">
    <Time />
    <State>Play</State>
    <Loop>Loop</Loop>
  </Action>
  <Action AutoExecute="true" Type="SetMusicVolume" Name="">
    <Time />
    <VolumeType>MediaPlayer</VolumeType>
    <Volume>0.3</Volume>
    <Frames />
  </Action>
  <Action AutoExecute="true" Visible="false" Type="SetDialogVisibility" Name="">
    <Time />
  </Action>
</Cutscene>