<Cutscene Class="SecondShiftMobile.Cutscenes.Cutscene">
  <Action AutoExecute="true" Type="SetMusicState" SongName="" Name="">
    <Time />
    <State>Stop</State>
    <Loop>DontChange</Loop>
  </Action>
  <Action AutoExecute="true" Type="SetMusicVolume" Name="">
    <Time />
    <VolumeType>MediaPlayer</VolumeType>
    <Volume />
    <Frames />
  </Action>
  <Action AutoExecute="true" Type="SetBlur" Name="">
    <Time />
    <Blur />
    <Speed>1</Speed>
    <StartBlur>0</StartBlur>
  </Action>
  <Action AutoExecute="true" Type="SetMusicState" SongName="" Name="">
    <Time />
    <State>Stop</State>
    <Loop>DontChange</Loop>
  </Action>
  <Action AutoExecute="true" Type="SetGameSpeed" Name="">
    <Time />
    <Target />
    <TransitionSpeed>1</TransitionSpeed>
    <InitialSpeed />
  </Action>
  <Action AutoExecute="true" Type="LoadLevel" ClearObjects="true" Name="">
    <Time />
    <LevelName>Night Level</LevelName>
  </Action>
  <Action AutoExecute="false" Type="Dialog" Character="Grey" Name="" Face="">
    <Time />
    <Text>lol</Text>
  </Action>
  <Action AutoExecute="false" Type="Dialog" Character="" Name="" Face="">
    <Time />
    <Text>lolol</Text>
  </Action>
  <Action AutoExecute="true" Type="SetMusicState" SongName="Bet Your Life On It" Name="">
    <Time>300</Time>
    <State>Play</State>
    <Loop>Loop</Loop>
  </Action>
  <Action AutoExecute="true" Type="SetBlur" Name="">
    <Time>300</Time>
    <Blur>0.015</Blur>
    <Speed>0.01</Speed>
    <StartBlur />
  </Action>
  <Action AutoExecute="true" Type="SetGameSpeed" Name="">
    <Time>300</Time>
    <Target>0.25</Target>
    <TransitionSpeed>0.01</TransitionSpeed>
    <InitialSpeed />
  </Action>
  <Action AutoExecute="true" Type="SetGameSpeed" Name="">
    <Time>700</Time>
    <Target />
    <TransitionSpeed>0.02</TransitionSpeed>
    <InitialSpeed />
  </Action>
</Cutscene>