<Level SkyColor="62, 86, 129, 255" Contrast="0.8784314, 1.019608, 1.113726, 0.9882353">
  <Object X="128" Y="896" Z="0" Name="" Type="SecondShiftMobile.Environments.City.Building4">
    <Property Name="Scale" Info="">5</Property>
  </Object>
  <Object X="127" Y="-1069" Z="0" Name="" Type="SecondShiftMobile.Grey" CameraTarget="true" />
  <Object X="-298" Y="-880" Z="0" Name="" Type="SecondShiftMobile.Test.InvisibleFloor">
    <Property Info="The size of the floor" Name="Size">588, 400</Property>
  </Object>
  <Object X="-406" Y="-473" Z="0" Name="" Type="SecondShiftMobile.Test.InvisibleFloor">
    <Property Info="The size of the floor" Name="Size">800, 790</Property>
  </Object>
  <Object X="-2048" Y="1280" Z="2000" Name="" Type="SecondShiftMobile.Environments.City.Building3">
    <Property Name="Scale">5</Property>
  </Object>
  <Object X="1408" Y="1152" Z="0" Name="" Type="SecondShiftMobile.Environments.City.Building1">
    <Property Name="Scale">5</Property>
  </Object>
  <Object X="849" Y="-320" Z="0" Name="" Type="SecondShiftMobile.Test.InvisibleFloor">
    <Property Info="The size of the floor" Name="Size">1360, 4500</Property>
  </Object>
  <Object X="-605" Y="317" Z="0" Name="" Type="SecondShiftMobile.Test.InvisibleFloor">
    <Property Info="The size of the floor" Name="Size">1200, 3600</Property>
  </Object>
  <Object X="-768" Y="768" Z="4000" Name="" Type="SecondShiftMobile.Environments.City.Building2">
    <Property Name="Scale">5</Property>
  </Object>
  <Object X="1792" Y="896" Z="4000" Name="" Type="SecondShiftMobile.Environments.City.Building1">
    <Property Name="Scale">5</Property>
  </Object>
  <Object X="61696" Y="-24960" Z="74000" Name="" Type="SecondShiftMobile.Sun">
    <Property Name="Scale" Info="A single float representing scale">1000</Property>
  </Object>
  <Object X="2932" Y="1214" Z="0" Name="" Type="SecondShiftMobile.Environments.City.Building2">
    <Property Name="Scale">5</Property>
  </Object>
  <Object X="2154" Y="360" Z="0" Name="" Type="SecondShiftMobile.Test.InvisibleFloor">
    <Property Info="The size of the floor" Name="Size">1595, 128</Property>
  </Object>
  <Object X="4480" Y="896" Z="0" Name="" Type="SecondShiftMobile.Environments.City.Building4">
    <Property Name="Scale">5</Property>
  </Object>
  <Object X="3747" Y="319" Z="0" Name="" Type="SecondShiftMobile.Test.InvisibleFloor">
    <Property Info="The size of the floor" Name="Size">1200, 3600</Property>
  </Object>
  <Object X="7296" Y="1920" Z="2000" Name="" Type="SecondShiftMobile.Environments.City.Building3">
    <Property Name="Scale">5</Property>
  </Object>
  <Object X="7040" Y="512" Z="1250" Name="" Type="SecondShiftMobile.Environments.City.Building2">
    <Property Name="Scale">5</Property>
  </Object>
  <Object X="5632" Y="1664" Z="0" Name="" Type="SecondShiftMobile.Environments.City.Building1">
    <Property Name="Scale">5</Property>
  </Object>
  <Object X="11008" Y="1920" Z="4000" Name="" Type="SecondShiftMobile.Environments.City.Building4">
    <Property Name="Scale">9</Property>
  </Object>
  <Object X="5073" Y="190" Z="0" Name="" Type="SecondShiftMobile.Test.InvisibleFloor">
    <Property Info="The size of the floor" Name="Size">1360, 4500</Property>
  </Object>
  <Object X="4096" Y="1536" Z="2000" Name="" Type="SecondShiftMobile.Environments.City.Building1">
    <Property Name="Scale">5</Property>
  </Object>
  <Object X="9600" Y="1536" Z="2000" Name="" Type="SecondShiftMobile.Environments.City.Building1">
    <Property Name="Scale">5</Property>
  </Object>
  <Object X="4224" Y="1280" Z="4000" Name="" Type="SecondShiftMobile.Environments.City.Building3">
    <Property Name="Scale">5</Property>
  </Object>
  <Object X="6144" Y="1152" Z="4000" Name="" Type="SecondShiftMobile.Environments.City.Building4">
    <Property Name="Scale">5</Property>
  </Object>
  <Object X="8192" Y="1280" Z="4000" Name="" Type="SecondShiftMobile.Environments.City.Building2">
    <Property Name="Scale">5</Property>
  </Object>
  <Object X="13568" Y="2048" Z="6000" Name="" Type="SecondShiftMobile.Environments.City.Building1">
    <Property Name="Scale">10</Property>
  </Object>
  <Object X="0" Y="1024" Z="2000" Name="" Type="SecondShiftMobile.Environments.City.Building1">
    <Property Name="Scale">5</Property>
  </Object>
  <Object X="-1408" Y="896" Z="2500" Name="" Type="SecondShiftMobile.Environments.City.Building4">
    <Property Name="Scale">5</Property>
  </Object>
  <Object X="12928" Y="896" Z="3000" Name="" Type="SecondShiftMobile.Environments.City.Building3">
    <Property Name="Scale">5</Property>
  </Object>
  <Object X="-2048" Y="-896" Z="6000" Name="" Type="SecondShiftMobile.Environments.City.Building3">
    <Property Name="Scale" Info="">7</Property>
  </Object>
  <Object X="-128" Y="-1408" Z="7000" Name="" Type="SecondShiftMobile.Environments.City.Building2">
    <Property Name="Scale">10</Property>
  </Object>
  <Object X="2816" Y="-1280" Z="6000" Name="" Type="SecondShiftMobile.Environments.City.Building4">
    <Property Name="Scale">12</Property>
  </Object>
  <Object X="9856" Y="0" Z="6500" Name="" Type="SecondShiftMobile.Environments.City.Building3">
    <Property Name="Scale">8</Property>
  </Object>
  <Object X="6016" Y="896" Z="5250" Name="" Type="SecondShiftMobile.Environments.City.Building4">
    <Property Name="Scale">8</Property>
  </Object>
  <Object X="4352" Y="2432" Z="7250" Name="" Type="SecondShiftMobile.Environments.City.Building1">
    <Property Name="Scale">15</Property>
  </Object>
  <Object X="7040" Y="768" Z="6000" Name="" Type="SecondShiftMobile.Environments.City.Building1">
    <Property Name="Scale">5</Property>
  </Object>
  <Object X="2432" Y="-384" Z="1000" Name="" Type="SecondShiftMobile.Environments.City.Rail" />
  <Object X="2688" Y="-384" Z="1000" Name="" Type="SecondShiftMobile.Environments.City.Rail" />
  <Object X="2944" Y="-384" Z="1000" Name="" Type="SecondShiftMobile.Environments.City.Rail" />
  <Object X="3200" Y="-384" Z="1000" Name="" Type="SecondShiftMobile.Environments.City.Rail" />
  <Object X="2176" Y="-384" Z="1000" Name="" Type="SecondShiftMobile.Environments.City.Rail" />
  <Object X="1920" Y="-384" Z="1000" Name="" Type="SecondShiftMobile.Environments.City.Rail" />
  <Object X="1664" Y="-384" Z="1000" Name="" Type="SecondShiftMobile.Environments.City.Rail" />
  <Object X="1408" Y="-384" Z="1000" Name="" Type="SecondShiftMobile.Environments.City.Rail" />
  <Object X="1152" Y="-384" Z="1000" Name="" Type="SecondShiftMobile.Environments.City.Rail" />
  <Object X="896" Y="-384" Z="1000" Name="" Type="SecondShiftMobile.Environments.City.Rail" />
  <Object X="640" Y="-384" Z="1000" Name="" Type="SecondShiftMobile.Environments.City.Rail" />
  <Object X="384" Y="-384" Z="1000" Name="" Type="SecondShiftMobile.Environments.City.Rail" />
  <Object X="128" Y="-384" Z="1000" Name="" Type="SecondShiftMobile.Environments.City.Rail" />
  <Object X="-128" Y="-384" Z="1000" Name="" Type="SecondShiftMobile.Environments.City.Rail" />
  <Object X="-384" Y="-384" Z="1000" Name="" Type="SecondShiftMobile.Environments.City.Rail" />
  <Object X="-640" Y="-384" Z="1000" Name="" Type="SecondShiftMobile.Environments.City.Rail" />
  <Object X="-896" Y="-384" Z="1000" Name="" Type="SecondShiftMobile.Environments.City.Rail" />
  <Object X="-1152" Y="-384" Z="1000" Name="" Type="SecondShiftMobile.Environments.City.Rail" />
  <Object X="-1408" Y="-384" Z="1000" Name="" Type="SecondShiftMobile.Environments.City.Rail" />
  <Object X="-1664" Y="-384" Z="1000" Name="" Type="SecondShiftMobile.Environments.City.Rail" />
  <Object X="-1920" Y="-384" Z="1000" Name="" Type="SecondShiftMobile.Environments.City.Rail" />
  <Object X="-2176" Y="-384" Z="1000" Name="" Type="SecondShiftMobile.Environments.City.Rail" />
  <Object X="-2432" Y="-384" Z="1000" Name="" Type="SecondShiftMobile.Environments.City.Rail" />
  <Object X="-2688" Y="-384" Z="1000" Name="" Type="SecondShiftMobile.Environments.City.Rail" />
  <Object X="-2944" Y="-384" Z="1000" Name="" Type="SecondShiftMobile.Environments.City.Rail" />
  <Object X="-3200" Y="-384" Z="1000" Name="" Type="SecondShiftMobile.Environments.City.Rail" />
  <Object X="-3456" Y="-384" Z="1000" Name="" Type="SecondShiftMobile.Environments.City.Rail" />
  <Object X="-3712" Y="-384" Z="1000" Name="" Type="SecondShiftMobile.Environments.City.Rail" />
  <Object X="-3968" Y="-384" Z="1000" Name="" Type="SecondShiftMobile.Environments.City.Rail" />
  <Object X="-4224" Y="-384" Z="1000" Name="" Type="SecondShiftMobile.Environments.City.Rail" />
  <Object X="-4480" Y="-384" Z="1000" Name="" Type="SecondShiftMobile.Environments.City.Rail" />
  <Object X="-4736" Y="-384" Z="1000" Name="" Type="SecondShiftMobile.Environments.City.Rail" />
  <Object X="-4992" Y="-384" Z="1000" Name="" Type="SecondShiftMobile.Environments.City.Rail" />
  <Object X="-5248" Y="-384" Z="1000" Name="" Type="SecondShiftMobile.Environments.City.Rail" />
  <Object X="-5504" Y="-384" Z="1000" Name="" Type="SecondShiftMobile.Environments.City.Rail" />
  <Object X="-5760" Y="-384" Z="1000" Name="" Type="SecondShiftMobile.Environments.City.Rail" />
  <Object X="-6016" Y="-384" Z="1000" Name="" Type="SecondShiftMobile.Environments.City.Rail" />
  <Object X="-6272" Y="-384" Z="1000" Name="" Type="SecondShiftMobile.Environments.City.Rail" />
  <Object X="-6528" Y="-384" Z="1000" Name="" Type="SecondShiftMobile.Environments.City.Rail" />
  <Object X="3712" Y="-384" Z="1000" Name="" Type="SecondShiftMobile.Environments.City.Rail" />
  <Object X="3968" Y="-384" Z="1000" Name="" Type="SecondShiftMobile.Environments.City.Rail" />
  <Object X="4224" Y="-384" Z="1000" Name="" Type="SecondShiftMobile.Environments.City.Rail" />
  <Object X="4480" Y="-384" Z="1000" Name="" Type="SecondShiftMobile.Environments.City.Rail" />
  <Object X="4736" Y="-384" Z="1000" Name="" Type="SecondShiftMobile.Environments.City.Rail" />
  <Object X="4992" Y="-384" Z="1000" Name="" Type="SecondShiftMobile.Environments.City.Rail" />
  <Object X="5248" Y="-384" Z="1000" Name="" Type="SecondShiftMobile.Environments.City.Rail" />
  <Object X="5504" Y="-384" Z="1000" Name="" Type="SecondShiftMobile.Environments.City.Rail" />
  <Object X="5760" Y="-384" Z="1000" Name="" Type="SecondShiftMobile.Environments.City.Rail" />
  <Object X="6016" Y="-384" Z="1000" Name="" Type="SecondShiftMobile.Environments.City.Rail" />
  <Object X="6272" Y="-384" Z="1000" Name="" Type="SecondShiftMobile.Environments.City.Rail" />
  <Object X="6528" Y="-384" Z="1000" Name="" Type="SecondShiftMobile.Environments.City.Rail" />
  <Object X="6784" Y="-384" Z="1000" Name="" Type="SecondShiftMobile.Environments.City.Rail" />
  <Object X="7040" Y="-384" Z="1000" Name="" Type="SecondShiftMobile.Environments.City.Rail" />
  <Object X="7296" Y="-384" Z="1000" Name="" Type="SecondShiftMobile.Environments.City.Rail" />
  <Object X="7552" Y="-384" Z="1000" Name="" Type="SecondShiftMobile.Environments.City.Rail" />
  <Object X="7808" Y="-384" Z="1000" Name="" Type="SecondShiftMobile.Environments.City.Rail" />
  <Object X="8064" Y="-384" Z="1000" Name="" Type="SecondShiftMobile.Environments.City.Rail" />
  <Object X="8320" Y="-384" Z="1000" Name="" Type="SecondShiftMobile.Environments.City.Rail" />
  <Object X="8576" Y="-384" Z="1000" Name="" Type="SecondShiftMobile.Environments.City.Rail" />
  <Object X="8832" Y="-384" Z="1000" Name="" Type="SecondShiftMobile.Environments.City.Rail" />
  <Object X="9088" Y="-384" Z="1000" Name="" Type="SecondShiftMobile.Environments.City.Rail" />
  <Object X="9344" Y="-384" Z="1000" Name="" Type="SecondShiftMobile.Environments.City.Rail" />
  <Object X="9600" Y="-384" Z="1000" Name="" Type="SecondShiftMobile.Environments.City.Rail" />
  <Object X="9856" Y="-384" Z="1000" Name="" Type="SecondShiftMobile.Environments.City.Rail" />
  <Object X="10112" Y="-384" Z="1000" Name="" Type="SecondShiftMobile.Environments.City.Rail" />
  <Object X="10368" Y="-384" Z="1000" Name="" Type="SecondShiftMobile.Environments.City.Rail" />
  <Object X="10880" Y="-384" Z="1000" Name="" Type="SecondShiftMobile.Environments.City.Rail" />
  <Object X="11136" Y="-384" Z="1000" Name="" Type="SecondShiftMobile.Environments.City.Rail" />
  <Object X="11392" Y="-384" Z="1000" Name="" Type="SecondShiftMobile.Environments.City.Rail" />
  <Object X="11648" Y="-384" Z="1000" Name="" Type="SecondShiftMobile.Environments.City.Rail" />
  <Object X="11904" Y="-384" Z="1000" Name="" Type="SecondShiftMobile.Environments.City.Rail" />
  <Object X="12160" Y="-384" Z="1000" Name="" Type="SecondShiftMobile.Environments.City.Rail" />
  <Object X="12416" Y="-384" Z="1000" Name="" Type="SecondShiftMobile.Environments.City.Rail" />
  <Object X="12672" Y="-384" Z="1000" Name="" Type="SecondShiftMobile.Environments.City.Rail" />
  <Object X="12928" Y="-384" Z="1000" Name="" Type="SecondShiftMobile.Environments.City.Rail" />
  <Object X="13184" Y="-384" Z="1000" Name="" Type="SecondShiftMobile.Environments.City.Rail" />
  <Object X="3959" Y="-408" Z="1000" Name="" Type="SecondShiftMobile.Environments.City.Train">
    <Property Name="StartX">13340</Property>
    <Property Name="EndX">-6784</Property>
  </Object>
  <Object X="3456" Y="-384" Z="1000" Name="" Type="SecondShiftMobile.Environments.City.Rail" />
  <Object X="10624" Y="-384" Z="1000" Name="" Type="SecondShiftMobile.Environments.City.Rail" />
  <Object X="132" Y="-1044" Z="0" Name="" Type="SecondShiftMobile.Environments.FoliageEmitter">
    <Property Name="Step">15</Property>
    <Property Name="StartBox">-2000, -1000, -100</Property>
    <Property Name="EndBox">2000, -500, 5000</Property>
    <Property Name="StartSpeed">10, 0, 0</Property>
    <Property Name="EndSpeed">3, 0, 0</Property>
  </Object>
  <Object X="7296" Y="1920" Z="0" Name="" Type="SecondShiftMobile.Environments.City.Building4">
    <Property Name="Scale">5</Property>
  </Object>
  <Object X="6867" Y="143" Z="0" Name="" Type="SecondShiftMobile.Test.InvisibleFloor">
    <Property Info="The size of the floor" Name="Size">590, 400</Property>
  </Object>
  <Object X="6761" Y="552" Z="0" Name="" Type="SecondShiftMobile.Test.InvisibleFloor">
    <Property Info="The size of the floor" Name="Size">800, 795</Property>
  </Object>
  <Object X="6562" Y="1344" Z="0" Name="" Type="SecondShiftMobile.Test.InvisibleFloor">
    <Property Info="The size of the floor" Name="Size">1200, 3600</Property>
  </Object>
  <Object X="-165" Y="-20407" Z="3526" Name="" Type="SecondShiftMobile.Cloud">
    <Property Name="Scale" Info="A single float representing scale">293.7612</Property>
    <Property Name="Speed" Info="The speed of the cloud object">15.62453, 0, 0</Property>
    <Property Name="Left" Info="A single float representing left">-100000</Property>
    <Property Name="Right" Info="A single float representing right">100000</Property>
    <Property Name="Alpha" Info="The alpha value of the cloud">0.4</Property>
    <Property Name="Color" Info="The color of the cloud">234, 180, 121, 255</Property>
  </Object>
  <Object X="96790" Y="-23766" Z="92303" Name="" Type="SecondShiftMobile.Cloud">
    <Property Name="Scale" Info="A single float representing scale">270.3967</Property>
    <Property Name="Speed" Info="The speed of the cloud object">6.426723, 0, 0</Property>
    <Property Name="Left" Info="A single float representing left">-100000</Property>
    <Property Name="Right" Info="A single float representing right">100000</Property>
    <Property Name="Alpha" Info="The alpha value of the cloud">0.4</Property>
    <Property Name="Color" Info="The color of the cloud">234, 180, 121, 255</Property>
  </Object>
  <Object X="-15967" Y="-28072" Z="38778" Name="" Type="SecondShiftMobile.Cloud">
    <Property Name="Scale" Info="A single float representing scale">110.88</Property>
    <Property Name="Speed" Info="The speed of the cloud object">12.74234, 0, 0</Property>
    <Property Name="Left" Info="A single float representing left">-100000</Property>
    <Property Name="Right" Info="A single float representing right">100000</Property>
    <Property Name="Alpha" Info="The alpha value of the cloud">0.4</Property>
    <Property Name="Color" Info="The color of the cloud">234, 180, 121, 255</Property>
  </Object>
  <Object X="-80288" Y="-16117" Z="75575" Name="" Type="SecondShiftMobile.Cloud">
    <Property Name="Scale" Info="A single float representing scale">282.8338</Property>
    <Property Name="Speed" Info="The speed of the cloud object">15.87516, 0, 0</Property>
    <Property Name="Left" Info="A single float representing left">-100000</Property>
    <Property Name="Right" Info="A single float representing right">100000</Property>
    <Property Name="Alpha" Info="The alpha value of the cloud">0.4</Property>
    <Property Name="Color" Info="The color of the cloud">234, 180, 121, 255</Property>
  </Object>
  <Object X="15969" Y="-28221" Z="37445" Name="" Type="SecondShiftMobile.Cloud">
    <Property Name="Scale" Info="A single float representing scale">108.8111</Property>
    <Property Name="Speed" Info="The speed of the cloud object">14.6666, 0, 0</Property>
    <Property Name="Left" Info="A single float representing left">-100000</Property>
    <Property Name="Right" Info="A single float representing right">100000</Property>
    <Property Name="Alpha" Info="The alpha value of the cloud">0.4</Property>
    <Property Name="Color" Info="The color of the cloud">234, 180, 121, 255</Property>
  </Object>
  <Object X="-53716" Y="-24919" Z="41441" Name="" Type="SecondShiftMobile.Cloud">
    <Property Name="Scale" Info="A single float representing scale">111.5535</Property>
    <Property Name="Speed" Info="The speed of the cloud object">14.45153, 0, 0</Property>
    <Property Name="Left" Info="A single float representing left">-100000</Property>
    <Property Name="Right" Info="A single float representing right">100000</Property>
    <Property Name="Alpha" Info="The alpha value of the cloud">0.4</Property>
    <Property Name="Color" Info="The color of the cloud">234, 180, 121, 255</Property>
  </Object>
  <Object X="-31854" Y="-27689" Z="27660" Name="" Type="SecondShiftMobile.Cloud">
    <Property Name="Scale" Info="A single float representing scale">138.5391</Property>
    <Property Name="Speed" Info="The speed of the cloud object">15.65272, 0, 0</Property>
    <Property Name="Left" Info="A single float representing left">-100000</Property>
    <Property Name="Right" Info="A single float representing right">100000</Property>
    <Property Name="Alpha" Info="The alpha value of the cloud">0.4</Property>
    <Property Name="Color" Info="The color of the cloud">234, 180, 121, 255</Property>
  </Object>
  <Object X="55384" Y="-24841" Z="57660" Name="" Type="SecondShiftMobile.Cloud">
    <Property Name="Scale" Info="A single float representing scale">105.8857</Property>
    <Property Name="Speed" Info="The speed of the cloud object">6.043036, 0, 0</Property>
    <Property Name="Left" Info="A single float representing left">-100000</Property>
    <Property Name="Right" Info="A single float representing right">100000</Property>
    <Property Name="Alpha" Info="The alpha value of the cloud">0.4</Property>
    <Property Name="Color" Info="The color of the cloud">234, 180, 121, 255</Property>
  </Object>
  <Object X="-20491" Y="-25956" Z="96537" Name="" Type="SecondShiftMobile.Cloud">
    <Property Name="Scale" Info="A single float representing scale">125.5264</Property>
    <Property Name="Speed" Info="The speed of the cloud object">9.881466, 0, 0</Property>
    <Property Name="Left" Info="A single float representing left">-100000</Property>
    <Property Name="Right" Info="A single float representing right">100000</Property>
    <Property Name="Alpha" Info="The alpha value of the cloud">0.4</Property>
    <Property Name="Color" Info="The color of the cloud">234, 180, 121, 255</Property>
  </Object>
  <Object X="47113" Y="-28776" Z="71276" Name="" Type="SecondShiftMobile.Cloud">
    <Property Name="Scale" Info="A single float representing scale">156.6293</Property>
    <Property Name="Speed" Info="The speed of the cloud object">17.22404, 0, 0</Property>
    <Property Name="Left" Info="A single float representing left">-100000</Property>
    <Property Name="Right" Info="A single float representing right">100000</Property>
    <Property Name="Alpha" Info="The alpha value of the cloud">0.4</Property>
    <Property Name="Color" Info="The color of the cloud">234, 180, 121, 255</Property>
  </Object>
  <Object X="42828" Y="-16531" Z="29308" Name="" Type="SecondShiftMobile.Cloud">
    <Property Name="Scale" Info="A single float representing scale">100.781</Property>
    <Property Name="Speed" Info="The speed of the cloud object">11.59517, 0, 0</Property>
    <Property Name="Left" Info="A single float representing left">-100000</Property>
    <Property Name="Right" Info="A single float representing right">100000</Property>
    <Property Name="Alpha" Info="The alpha value of the cloud">0.4</Property>
    <Property Name="Color" Info="The color of the cloud">234, 180, 121, 255</Property>
  </Object>
  <Object X="23550" Y="-29790" Z="99121" Name="" Type="SecondShiftMobile.Cloud">
    <Property Name="Scale" Info="A single float representing scale">164.8732</Property>
    <Property Name="Speed" Info="The speed of the cloud object">12.15327, 0, 0</Property>
    <Property Name="Left" Info="A single float representing left">-100000</Property>
    <Property Name="Right" Info="A single float representing right">100000</Property>
    <Property Name="Alpha" Info="The alpha value of the cloud">0.4</Property>
    <Property Name="Color" Info="The color of the cloud">234, 180, 121, 255</Property>
  </Object>
  <Object X="-35464" Y="-17550" Z="86527" Name="" Type="SecondShiftMobile.Cloud">
    <Property Name="Scale" Info="A single float representing scale">144.3762</Property>
    <Property Name="Speed" Info="The speed of the cloud object">16.31581, 0, 0</Property>
    <Property Name="Left" Info="A single float representing left">-100000</Property>
    <Property Name="Right" Info="A single float representing right">100000</Property>
    <Property Name="Alpha" Info="The alpha value of the cloud">0.4</Property>
    <Property Name="Color" Info="The color of the cloud">234, 180, 121, 255</Property>
  </Object>
  <Object X="14835" Y="-23923" Z="19509" Name="" Type="SecondShiftMobile.Cloud">
    <Property Name="Scale" Info="A single float representing scale">168.8438</Property>
    <Property Name="Speed" Info="The speed of the cloud object">16.08851, 0, 0</Property>
    <Property Name="Left" Info="A single float representing left">-100000</Property>
    <Property Name="Right" Info="A single float representing right">100000</Property>
    <Property Name="Alpha" Info="The alpha value of the cloud">0.4</Property>
    <Property Name="Color" Info="The color of the cloud">234, 180, 121, 255</Property>
  </Object>
  <Object X="-11513" Y="-22468" Z="72632" Name="" Type="SecondShiftMobile.Cloud">
    <Property Name="Scale" Info="A single float representing scale">268.9266</Property>
    <Property Name="Speed" Info="The speed of the cloud object">9.912038, 0, 0</Property>
    <Property Name="Left" Info="A single float representing left">-100000</Property>
    <Property Name="Right" Info="A single float representing right">100000</Property>
    <Property Name="Alpha" Info="The alpha value of the cloud">0.4</Property>
    <Property Name="Color" Info="The color of the cloud">234, 180, 121, 255</Property>
  </Object>
  <Object X="69884" Y="-28740" Z="24682" Name="" Type="SecondShiftMobile.Cloud">
    <Property Name="Scale" Info="A single float representing scale">243.7249</Property>
    <Property Name="Speed" Info="The speed of the cloud object">18.63308, 0, 0</Property>
    <Property Name="Left" Info="A single float representing left">-100000</Property>
    <Property Name="Right" Info="A single float representing right">100000</Property>
    <Property Name="Alpha" Info="The alpha value of the cloud">0.4</Property>
    <Property Name="Color" Info="The color of the cloud">234, 180, 121, 255</Property>
  </Object>
  <Object X="-37409" Y="-29227" Z="13126" Name="" Type="SecondShiftMobile.Cloud">
    <Property Name="Scale" Info="A single float representing scale">148.5663</Property>
    <Property Name="Speed" Info="The speed of the cloud object">18.73943, 0, 0</Property>
    <Property Name="Left" Info="A single float representing left">-100000</Property>
    <Property Name="Right" Info="A single float representing right">100000</Property>
    <Property Name="Alpha" Info="The alpha value of the cloud">0.4</Property>
    <Property Name="Color" Info="The color of the cloud">234, 180, 121, 255</Property>
  </Object>
  <Object X="-52271" Y="-23293" Z="27270" Name="" Type="SecondShiftMobile.Cloud">
    <Property Name="Scale" Info="A single float representing scale">250.6035</Property>
    <Property Name="Speed" Info="The speed of the cloud object">6.386426, 0, 0</Property>
    <Property Name="Left" Info="A single float representing left">-100000</Property>
    <Property Name="Right" Info="A single float representing right">100000</Property>
    <Property Name="Alpha" Info="The alpha value of the cloud">0.4</Property>
    <Property Name="Color" Info="The color of the cloud">234, 180, 121, 255</Property>
  </Object>
  <Object X="58180" Y="-24973" Z="25224" Name="" Type="SecondShiftMobile.Cloud">
    <Property Name="Scale" Info="A single float representing scale">210.5088</Property>
    <Property Name="Speed" Info="The speed of the cloud object">16.20287, 0, 0</Property>
    <Property Name="Left" Info="A single float representing left">-100000</Property>
    <Property Name="Right" Info="A single float representing right">100000</Property>
    <Property Name="Alpha" Info="The alpha value of the cloud">0.4</Property>
    <Property Name="Color" Info="The color of the cloud">234, 180, 121, 255</Property>
  </Object>
  <Object X="-54496" Y="-27977" Z="74348" Name="" Type="SecondShiftMobile.Cloud">
    <Property Name="Scale" Info="A single float representing scale">174.649</Property>
    <Property Name="Speed" Info="The speed of the cloud object">16.26881, 0, 0</Property>
    <Property Name="Left" Info="A single float representing left">-100000</Property>
    <Property Name="Right" Info="A single float representing right">100000</Property>
    <Property Name="Alpha" Info="The alpha value of the cloud">0.4</Property>
    <Property Name="Color" Info="The color of the cloud">234, 180, 121, 255</Property>
  </Object>
  <Object X="-71862" Y="-25850" Z="36854" Name="" Type="SecondShiftMobile.Cloud">
    <Property Name="Scale" Info="A single float representing scale">208.7825</Property>
    <Property Name="Speed" Info="The speed of the cloud object">10.58757, 0, 0</Property>
    <Property Name="Left" Info="A single float representing left">-100000</Property>
    <Property Name="Right" Info="A single float representing right">100000</Property>
    <Property Name="Alpha" Info="The alpha value of the cloud">0.4</Property>
    <Property Name="Color" Info="The color of the cloud">234, 180, 121, 255</Property>
  </Object>
  <Object X="-56748" Y="-20636" Z="44844" Name="" Type="SecondShiftMobile.Cloud">
    <Property Name="Scale" Info="A single float representing scale">235.2872</Property>
    <Property Name="Speed" Info="The speed of the cloud object">13.8538, 0, 0</Property>
    <Property Name="Left" Info="A single float representing left">-100000</Property>
    <Property Name="Right" Info="A single float representing right">100000</Property>
    <Property Name="Alpha" Info="The alpha value of the cloud">0.4</Property>
    <Property Name="Color" Info="The color of the cloud">234, 180, 121, 255</Property>
  </Object>
  <Object X="40341" Y="-26087" Z="27258" Name="" Type="SecondShiftMobile.Cloud">
    <Property Name="Scale" Info="A single float representing scale">183.0988</Property>
    <Property Name="Speed" Info="The speed of the cloud object">7.458957, 0, 0</Property>
    <Property Name="Left" Info="A single float representing left">-100000</Property>
    <Property Name="Right" Info="A single float representing right">100000</Property>
    <Property Name="Alpha" Info="The alpha value of the cloud">0.4</Property>
    <Property Name="Color" Info="The color of the cloud">234, 180, 121, 255</Property>
  </Object>
  <Object X="-25165" Y="-15581" Z="62244" Name="" Type="SecondShiftMobile.Cloud">
    <Property Name="Scale" Info="A single float representing scale">161.1839</Property>
    <Property Name="Speed" Info="The speed of the cloud object">12.73614, 0, 0</Property>
    <Property Name="Left" Info="A single float representing left">-100000</Property>
    <Property Name="Right" Info="A single float representing right">100000</Property>
    <Property Name="Alpha" Info="The alpha value of the cloud">0.4</Property>
    <Property Name="Color" Info="The color of the cloud">234, 180, 121, 255</Property>
  </Object>
  <Object X="-95745" Y="-19832" Z="44207" Name="" Type="SecondShiftMobile.Cloud">
    <Property Name="Scale" Info="A single float representing scale">150.3581</Property>
    <Property Name="Speed" Info="The speed of the cloud object">19.22494, 0, 0</Property>
    <Property Name="Left" Info="A single float representing left">-100000</Property>
    <Property Name="Right" Info="A single float representing right">100000</Property>
    <Property Name="Alpha" Info="The alpha value of the cloud">0.4</Property>
    <Property Name="Color" Info="The color of the cloud">234, 180, 121, 255</Property>
  </Object>
  <Object X="55503" Y="-18684" Z="17378" Name="" Type="SecondShiftMobile.Cloud">
    <Property Name="Scale" Info="A single float representing scale">119.5551</Property>
    <Property Name="Speed" Info="The speed of the cloud object">6.499248, 0, 0</Property>
    <Property Name="Left" Info="A single float representing left">-100000</Property>
    <Property Name="Right" Info="A single float representing right">100000</Property>
    <Property Name="Alpha" Info="The alpha value of the cloud">0.4</Property>
    <Property Name="Color" Info="The color of the cloud">234, 180, 121, 255</Property>
  </Object>
  <Object X="96854" Y="-17588" Z="87357" Name="" Type="SecondShiftMobile.Cloud">
    <Property Name="Scale" Info="A single float representing scale">293.4741</Property>
    <Property Name="Speed" Info="The speed of the cloud object">16.52275, 0, 0</Property>
    <Property Name="Left" Info="A single float representing left">-100000</Property>
    <Property Name="Right" Info="A single float representing right">100000</Property>
    <Property Name="Alpha" Info="The alpha value of the cloud">0.4</Property>
    <Property Name="Color" Info="The color of the cloud">234, 180, 121, 255</Property>
  </Object>
  <Object X="17916" Y="-23699" Z="58735" Name="" Type="SecondShiftMobile.Cloud">
    <Property Name="Scale" Info="A single float representing scale">274.0653</Property>
    <Property Name="Speed" Info="The speed of the cloud object">15.4956, 0, 0</Property>
    <Property Name="Left" Info="A single float representing left">-100000</Property>
    <Property Name="Right" Info="A single float representing right">100000</Property>
    <Property Name="Alpha" Info="The alpha value of the cloud">0.4</Property>
    <Property Name="Color" Info="The color of the cloud">234, 180, 121, 255</Property>
  </Object>
  <Object X="72578" Y="-16566" Z="59626" Name="" Type="SecondShiftMobile.Cloud">
    <Property Name="Scale" Info="A single float representing scale">132.5529</Property>
    <Property Name="Speed" Info="The speed of the cloud object">10.86085, 0, 0</Property>
    <Property Name="Left" Info="A single float representing left">-100000</Property>
    <Property Name="Right" Info="A single float representing right">100000</Property>
    <Property Name="Alpha" Info="The alpha value of the cloud">0.4</Property>
    <Property Name="Color" Info="The color of the cloud">234, 180, 121, 255</Property>
  </Object>
  <Object X="-89658" Y="-20884" Z="83674" Name="" Type="SecondShiftMobile.Cloud">
    <Property Name="Scale" Info="A single float representing scale">177.7227</Property>
    <Property Name="Speed" Info="The speed of the cloud object">10.59029, 0, 0</Property>
    <Property Name="Left" Info="A single float representing left">-100000</Property>
    <Property Name="Right" Info="A single float representing right">100000</Property>
    <Property Name="Alpha" Info="The alpha value of the cloud">0.4</Property>
    <Property Name="Color" Info="The color of the cloud">234, 180, 121, 255</Property>
  </Object>
  <Object X="-62246" Y="-18640" Z="43757" Name="" Type="SecondShiftMobile.Cloud">
    <Property Name="Scale" Info="A single float representing scale">271.5004</Property>
    <Property Name="Speed" Info="The speed of the cloud object">15.94973, 0, 0</Property>
    <Property Name="Left" Info="A single float representing left">-100000</Property>
    <Property Name="Right" Info="A single float representing right">100000</Property>
    <Property Name="Alpha" Info="The alpha value of the cloud">0.4</Property>
    <Property Name="Color" Info="The color of the cloud">234, 180, 121, 255</Property>
  </Object>
  <Object X="63702" Y="-19219" Z="11675" Name="" Type="SecondShiftMobile.Cloud">
    <Property Name="Scale" Info="A single float representing scale">219.1166</Property>
    <Property Name="Speed" Info="The speed of the cloud object">13.92481, 0, 0</Property>
    <Property Name="Left" Info="A single float representing left">-100000</Property>
    <Property Name="Right" Info="A single float representing right">100000</Property>
    <Property Name="Alpha" Info="The alpha value of the cloud">0.4</Property>
    <Property Name="Color" Info="The color of the cloud">234, 180, 121, 255</Property>
  </Object>
  <Object X="94122" Y="-18029" Z="35067" Name="" Type="SecondShiftMobile.Cloud">
    <Property Name="Scale" Info="A single float representing scale">215.2972</Property>
    <Property Name="Speed" Info="The speed of the cloud object">14.0897, 0, 0</Property>
    <Property Name="Left" Info="A single float representing left">-100000</Property>
    <Property Name="Right" Info="A single float representing right">100000</Property>
    <Property Name="Alpha" Info="The alpha value of the cloud">0.4</Property>
    <Property Name="Color" Info="The color of the cloud">234, 180, 121, 255</Property>
  </Object>
  <Object X="5829" Y="-27984" Z="30521" Name="" Type="SecondShiftMobile.Cloud">
    <Property Name="Scale" Info="A single float representing scale">229.4622</Property>
    <Property Name="Speed" Info="The speed of the cloud object">13.61524, 0, 0</Property>
    <Property Name="Left" Info="A single float representing left">-100000</Property>
    <Property Name="Right" Info="A single float representing right">100000</Property>
    <Property Name="Alpha" Info="The alpha value of the cloud">0.4</Property>
    <Property Name="Color" Info="The color of the cloud">234, 180, 121, 255</Property>
  </Object>
  <Object X="58843" Y="-21770" Z="75211" Name="" Type="SecondShiftMobile.Cloud">
    <Property Name="Scale" Info="A single float representing scale">221.2426</Property>
    <Property Name="Speed" Info="The speed of the cloud object">14.79279, 0, 0</Property>
    <Property Name="Left" Info="A single float representing left">-100000</Property>
    <Property Name="Right" Info="A single float representing right">100000</Property>
    <Property Name="Alpha" Info="The alpha value of the cloud">0.4</Property>
    <Property Name="Color" Info="The color of the cloud">234, 180, 121, 255</Property>
  </Object>
  <Object X="83363" Y="-25888" Z="27930" Name="" Type="SecondShiftMobile.Cloud">
    <Property Name="Scale" Info="A single float representing scale">272.2135</Property>
    <Property Name="Speed" Info="The speed of the cloud object">18.44932, 0, 0</Property>
    <Property Name="Left" Info="A single float representing left">-100000</Property>
    <Property Name="Right" Info="A single float representing right">100000</Property>
    <Property Name="Alpha" Info="The alpha value of the cloud">0.4</Property>
    <Property Name="Color" Info="The color of the cloud">234, 180, 121, 255</Property>
  </Object>
  <Object X="-22961" Y="-21133" Z="78517" Name="" Type="SecondShiftMobile.Cloud">
    <Property Name="Scale" Info="A single float representing scale">245.0179</Property>
    <Property Name="Speed" Info="The speed of the cloud object">18.66777, 0, 0</Property>
    <Property Name="Left" Info="A single float representing left">-100000</Property>
    <Property Name="Right" Info="A single float representing right">100000</Property>
    <Property Name="Alpha" Info="The alpha value of the cloud">0.4</Property>
    <Property Name="Color" Info="The color of the cloud">234, 180, 121, 255</Property>
  </Object>
  <Object X="48312" Y="-26024" Z="1607" Name="" Type="SecondShiftMobile.Cloud">
    <Property Name="Scale" Info="A single float representing scale">147.4777</Property>
    <Property Name="Speed" Info="The speed of the cloud object">19.24509, 0, 0</Property>
    <Property Name="Left" Info="A single float representing left">-100000</Property>
    <Property Name="Right" Info="A single float representing right">100000</Property>
    <Property Name="Alpha" Info="The alpha value of the cloud">0.4</Property>
    <Property Name="Color" Info="The color of the cloud">234, 180, 121, 255</Property>
  </Object>
  <Object X="-38343" Y="-21947" Z="99177" Name="" Type="SecondShiftMobile.Cloud">
    <Property Name="Scale" Info="A single float representing scale">155.0679</Property>
    <Property Name="Speed" Info="The speed of the cloud object">15.93641, 0, 0</Property>
    <Property Name="Left" Info="A single float representing left">-100000</Property>
    <Property Name="Right" Info="A single float representing right">100000</Property>
    <Property Name="Alpha" Info="The alpha value of the cloud">0.4</Property>
    <Property Name="Color" Info="The color of the cloud">234, 180, 121, 255</Property>
  </Object>
  <Object X="32184" Y="-26306" Z="1977" Name="" Type="SecondShiftMobile.Cloud">
    <Property Name="Scale" Info="A single float representing scale">211.3569</Property>
    <Property Name="Speed" Info="The speed of the cloud object">17.92364, 0, 0</Property>
    <Property Name="Left" Info="A single float representing left">-100000</Property>
    <Property Name="Right" Info="A single float representing right">100000</Property>
    <Property Name="Alpha" Info="The alpha value of the cloud">0.4</Property>
    <Property Name="Color" Info="The color of the cloud">234, 180, 121, 255</Property>
  </Object>
  <Object X="-62782" Y="-16306" Z="18943" Name="" Type="SecondShiftMobile.Cloud">
    <Property Name="Scale" Info="A single float representing scale">262.8528</Property>
    <Property Name="Speed" Info="The speed of the cloud object">13.67706, 0, 0</Property>
    <Property Name="Left" Info="A single float representing left">-100000</Property>
    <Property Name="Right" Info="A single float representing right">100000</Property>
    <Property Name="Alpha" Info="The alpha value of the cloud">0.4</Property>
    <Property Name="Color" Info="The color of the cloud">234, 180, 121, 255</Property>
  </Object>
  <Object X="47473" Y="-22358" Z="83135" Name="" Type="SecondShiftMobile.Cloud">
    <Property Name="Scale" Info="A single float representing scale">140.9299</Property>
    <Property Name="Speed" Info="The speed of the cloud object">17.19749, 0, 0</Property>
    <Property Name="Left" Info="A single float representing left">-100000</Property>
    <Property Name="Right" Info="A single float representing right">100000</Property>
    <Property Name="Alpha" Info="The alpha value of the cloud">0.4</Property>
    <Property Name="Color" Info="The color of the cloud">234, 180, 121, 255</Property>
  </Object>
  <Object X="-81480" Y="-15029" Z="25569" Name="" Type="SecondShiftMobile.Cloud">
    <Property Name="Scale" Info="A single float representing scale">239.7923</Property>
    <Property Name="Speed" Info="The speed of the cloud object">8.14694, 0, 0</Property>
    <Property Name="Left" Info="A single float representing left">-100000</Property>
    <Property Name="Right" Info="A single float representing right">100000</Property>
    <Property Name="Alpha" Info="The alpha value of the cloud">0.4</Property>
    <Property Name="Color" Info="The color of the cloud">234, 180, 121, 255</Property>
  </Object>
  <Object X="12343" Y="-21251" Z="62558" Name="" Type="SecondShiftMobile.Cloud">
    <Property Name="Scale" Info="A single float representing scale">233.0603</Property>
    <Property Name="Speed" Info="The speed of the cloud object">17.96628, 0, 0</Property>
    <Property Name="Left" Info="A single float representing left">-100000</Property>
    <Property Name="Right" Info="A single float representing right">100000</Property>
    <Property Name="Alpha" Info="The alpha value of the cloud">0.4</Property>
    <Property Name="Color" Info="The color of the cloud">234, 180, 121, 255</Property>
  </Object>
  <Object X="58831" Y="-27743" Z="6782" Name="" Type="SecondShiftMobile.Cloud">
    <Property Name="Scale" Info="A single float representing scale">239.5277</Property>
    <Property Name="Speed" Info="The speed of the cloud object">8.991017, 0, 0</Property>
    <Property Name="Left" Info="A single float representing left">-100000</Property>
    <Property Name="Right" Info="A single float representing right">100000</Property>
    <Property Name="Alpha" Info="The alpha value of the cloud">0.4</Property>
    <Property Name="Color" Info="The color of the cloud">234, 180, 121, 255</Property>
  </Object>
  <Object X="-33796" Y="-21894" Z="47677" Name="" Type="SecondShiftMobile.Cloud">
    <Property Name="Scale" Info="A single float representing scale">275.4238</Property>
    <Property Name="Speed" Info="The speed of the cloud object">19.87898, 0, 0</Property>
    <Property Name="Left" Info="A single float representing left">-100000</Property>
    <Property Name="Right" Info="A single float representing right">100000</Property>
    <Property Name="Alpha" Info="The alpha value of the cloud">0.4</Property>
    <Property Name="Color" Info="The color of the cloud">234, 180, 121, 255</Property>
  </Object>
  <Object X="-67393" Y="-25592" Z="72252" Name="" Type="SecondShiftMobile.Cloud">
    <Property Name="Scale" Info="A single float representing scale">299.8983</Property>
    <Property Name="Speed" Info="The speed of the cloud object">15.65802, 0, 0</Property>
    <Property Name="Left" Info="A single float representing left">-100000</Property>
    <Property Name="Right" Info="A single float representing right">100000</Property>
    <Property Name="Alpha" Info="The alpha value of the cloud">0.4</Property>
    <Property Name="Color" Info="The color of the cloud">234, 180, 121, 255</Property>
  </Object>
  <Object X="-40383" Y="-18291" Z="97090" Name="" Type="SecondShiftMobile.Cloud">
    <Property Name="Scale" Info="A single float representing scale">129.3238</Property>
    <Property Name="Speed" Info="The speed of the cloud object">7.607268, 0, 0</Property>
    <Property Name="Left" Info="A single float representing left">-100000</Property>
    <Property Name="Right" Info="A single float representing right">100000</Property>
    <Property Name="Alpha" Info="The alpha value of the cloud">0.4</Property>
    <Property Name="Color" Info="The color of the cloud">234, 180, 121, 255</Property>
  </Object>
  <Object X="-49807" Y="-28554" Z="81142" Name="" Type="SecondShiftMobile.Cloud">
    <Property Name="Scale" Info="A single float representing scale">184.8444</Property>
    <Property Name="Speed" Info="The speed of the cloud object">17.85613, 0, 0</Property>
    <Property Name="Left" Info="A single float representing left">-100000</Property>
    <Property Name="Right" Info="A single float representing right">100000</Property>
    <Property Name="Alpha" Info="The alpha value of the cloud">0.4</Property>
    <Property Name="Color" Info="The color of the cloud">234, 180, 121, 255</Property>
  </Object>
  <Object X="-38742" Y="-18112" Z="29281" Name="" Type="SecondShiftMobile.Cloud">
    <Property Name="Scale" Info="A single float representing scale">113.1087</Property>
    <Property Name="Speed" Info="The speed of the cloud object">7.510612, 0, 0</Property>
    <Property Name="Left" Info="A single float representing left">-100000</Property>
    <Property Name="Right" Info="A single float representing right">100000</Property>
    <Property Name="Alpha" Info="The alpha value of the cloud">0.4</Property>
    <Property Name="Color" Info="The color of the cloud">234, 180, 121, 255</Property>
  </Object>
  <Object X="-51175" Y="-16922" Z="35447" Name="" Type="SecondShiftMobile.Cloud">
    <Property Name="Scale" Info="A single float representing scale">238.4732</Property>
    <Property Name="Speed" Info="The speed of the cloud object">6.011242, 0, 0</Property>
    <Property Name="Left" Info="A single float representing left">-100000</Property>
    <Property Name="Right" Info="A single float representing right">100000</Property>
    <Property Name="Alpha" Info="The alpha value of the cloud">0.4</Property>
    <Property Name="Color" Info="The color of the cloud">234, 180, 121, 255</Property>
  </Object>
  <Object X="-32692" Y="-15289" Z="49179" Name="" Type="SecondShiftMobile.Cloud">
    <Property Name="Scale" Info="A single float representing scale">209.6393</Property>
    <Property Name="Speed" Info="The speed of the cloud object">8.711778, 0, 0</Property>
    <Property Name="Left" Info="A single float representing left">-100000</Property>
    <Property Name="Right" Info="A single float representing right">100000</Property>
    <Property Name="Alpha" Info="The alpha value of the cloud">0.4</Property>
    <Property Name="Color" Info="The color of the cloud">234, 180, 121, 255</Property>
  </Object>
  <Object X="-44451" Y="-15207" Z="95423" Name="" Type="SecondShiftMobile.Cloud">
    <Property Name="Scale" Info="A single float representing scale">142.5434</Property>
    <Property Name="Speed" Info="The speed of the cloud object">14.752, 0, 0</Property>
    <Property Name="Left" Info="A single float representing left">-100000</Property>
    <Property Name="Right" Info="A single float representing right">100000</Property>
    <Property Name="Alpha" Info="The alpha value of the cloud">0.4</Property>
    <Property Name="Color" Info="The color of the cloud">234, 180, 121, 255</Property>
  </Object>
  <Object X="-22707" Y="-19192" Z="25620" Name="" Type="SecondShiftMobile.Cloud">
    <Property Name="Scale" Info="A single float representing scale">297.6854</Property>
    <Property Name="Speed" Info="The speed of the cloud object">18.67573, 0, 0</Property>
    <Property Name="Left" Info="A single float representing left">-100000</Property>
    <Property Name="Right" Info="A single float representing right">100000</Property>
    <Property Name="Alpha" Info="The alpha value of the cloud">0.4</Property>
    <Property Name="Color" Info="The color of the cloud">234, 180, 121, 255</Property>
  </Object>
  <Object X="-31547" Y="-21688" Z="47896" Name="" Type="SecondShiftMobile.Cloud">
    <Property Name="Scale" Info="A single float representing scale">198.2967</Property>
    <Property Name="Speed" Info="The speed of the cloud object">14.20182, 0, 0</Property>
    <Property Name="Left" Info="A single float representing left">-100000</Property>
    <Property Name="Right" Info="A single float representing right">100000</Property>
    <Property Name="Alpha" Info="The alpha value of the cloud">0.4</Property>
    <Property Name="Color" Info="The color of the cloud">234, 180, 121, 255</Property>
  </Object>
  <Object X="78105" Y="-15571" Z="64360" Name="" Type="SecondShiftMobile.Cloud">
    <Property Name="Scale" Info="A single float representing scale">268.1126</Property>
    <Property Name="Speed" Info="The speed of the cloud object">19.39667, 0, 0</Property>
    <Property Name="Left" Info="A single float representing left">-100000</Property>
    <Property Name="Right" Info="A single float representing right">100000</Property>
    <Property Name="Alpha" Info="The alpha value of the cloud">0.4</Property>
    <Property Name="Color" Info="The color of the cloud">234, 180, 121, 255</Property>
  </Object>
  <Object X="-75297" Y="-17502" Z="41123" Name="" Type="SecondShiftMobile.Cloud">
    <Property Name="Scale" Info="A single float representing scale">241.949</Property>
    <Property Name="Speed" Info="The speed of the cloud object">16.21715, 0, 0</Property>
    <Property Name="Left" Info="A single float representing left">-100000</Property>
    <Property Name="Right" Info="A single float representing right">100000</Property>
    <Property Name="Alpha" Info="The alpha value of the cloud">0.4</Property>
    <Property Name="Color" Info="The color of the cloud">234, 180, 121, 255</Property>
  </Object>
  <Object X="-93033" Y="-20274" Z="3015" Name="" Type="SecondShiftMobile.Cloud">
    <Property Name="Scale" Info="A single float representing scale">286.4151</Property>
    <Property Name="Speed" Info="The speed of the cloud object">10.60992, 0, 0</Property>
    <Property Name="Left" Info="A single float representing left">-100000</Property>
    <Property Name="Right" Info="A single float representing right">100000</Property>
    <Property Name="Alpha" Info="The alpha value of the cloud">0.4</Property>
    <Property Name="Color" Info="The color of the cloud">234, 180, 121, 255</Property>
  </Object>
  <Object X="-44240" Y="-25914" Z="42271" Name="" Type="SecondShiftMobile.Cloud">
    <Property Name="Scale" Info="A single float representing scale">279.8334</Property>
    <Property Name="Speed" Info="The speed of the cloud object">18.44116, 0, 0</Property>
    <Property Name="Left" Info="A single float representing left">-100000</Property>
    <Property Name="Right" Info="A single float representing right">100000</Property>
    <Property Name="Alpha" Info="The alpha value of the cloud">0.4</Property>
    <Property Name="Color" Info="The color of the cloud">234, 180, 121, 255</Property>
  </Object>
  <Object X="-52571" Y="-29240" Z="59870" Name="" Type="SecondShiftMobile.Cloud">
    <Property Name="Scale" Info="A single float representing scale">254.8177</Property>
    <Property Name="Speed" Info="The speed of the cloud object">12.05919, 0, 0</Property>
    <Property Name="Left" Info="A single float representing left">-100000</Property>
    <Property Name="Right" Info="A single float representing right">100000</Property>
    <Property Name="Alpha" Info="The alpha value of the cloud">0.4</Property>
    <Property Name="Color" Info="The color of the cloud">234, 180, 121, 255</Property>
  </Object>
  <Object X="-94635" Y="-29269" Z="30438" Name="" Type="SecondShiftMobile.Cloud">
    <Property Name="Scale" Info="A single float representing scale">130.7655</Property>
    <Property Name="Speed" Info="The speed of the cloud object">17.37665, 0, 0</Property>
    <Property Name="Left" Info="A single float representing left">-100000</Property>
    <Property Name="Right" Info="A single float representing right">100000</Property>
    <Property Name="Alpha" Info="The alpha value of the cloud">0.4</Property>
    <Property Name="Color" Info="The color of the cloud">234, 180, 121, 255</Property>
  </Object>
  <Object X="59646" Y="-24738" Z="86299" Name="" Type="SecondShiftMobile.Cloud">
    <Property Name="Scale" Info="A single float representing scale">115.7822</Property>
    <Property Name="Speed" Info="The speed of the cloud object">7.6533, 0, 0</Property>
    <Property Name="Left" Info="A single float representing left">-100000</Property>
    <Property Name="Right" Info="A single float representing right">100000</Property>
    <Property Name="Alpha" Info="The alpha value of the cloud">0.4</Property>
    <Property Name="Color" Info="The color of the cloud">234, 180, 121, 255</Property>
  </Object>
  <Object X="-40316" Y="-20635" Z="65123" Name="" Type="SecondShiftMobile.Cloud">
    <Property Name="Scale" Info="A single float representing scale">217.6837</Property>
    <Property Name="Speed" Info="The speed of the cloud object">6.859077, 0, 0</Property>
    <Property Name="Left" Info="A single float representing left">-100000</Property>
    <Property Name="Right" Info="A single float representing right">100000</Property>
    <Property Name="Alpha" Info="The alpha value of the cloud">0.4</Property>
    <Property Name="Color" Info="The color of the cloud">234, 180, 121, 255</Property>
  </Object>
  <Object X="-77815" Y="-24038" Z="24449" Name="" Type="SecondShiftMobile.Cloud">
    <Property Name="Scale" Info="A single float representing scale">192.9814</Property>
    <Property Name="Speed" Info="The speed of the cloud object">14.22951, 0, 0</Property>
    <Property Name="Left" Info="A single float representing left">-100000</Property>
    <Property Name="Right" Info="A single float representing right">100000</Property>
    <Property Name="Alpha" Info="The alpha value of the cloud">0.4</Property>
    <Property Name="Color" Info="The color of the cloud">234, 180, 121, 255</Property>
  </Object>
  <Object X="-93038" Y="-18739" Z="32412" Name="" Type="SecondShiftMobile.Cloud">
    <Property Name="Scale" Info="A single float representing scale">222.8864</Property>
    <Property Name="Speed" Info="The speed of the cloud object">14.49377, 0, 0</Property>
    <Property Name="Left" Info="A single float representing left">-100000</Property>
    <Property Name="Right" Info="A single float representing right">100000</Property>
    <Property Name="Alpha" Info="The alpha value of the cloud">0.4</Property>
    <Property Name="Color" Info="The color of the cloud">234, 180, 121, 255</Property>
  </Object>
  <Object X="22921" Y="-15347" Z="57979" Name="" Type="SecondShiftMobile.Cloud">
    <Property Name="Scale" Info="A single float representing scale">219.0813</Property>
    <Property Name="Speed" Info="The speed of the cloud object">10.64471, 0, 0</Property>
    <Property Name="Left" Info="A single float representing left">-100000</Property>
    <Property Name="Right" Info="A single float representing right">100000</Property>
    <Property Name="Alpha" Info="The alpha value of the cloud">0.4</Property>
    <Property Name="Color" Info="The color of the cloud">234, 180, 121, 255</Property>
  </Object>
  <Object X="88227" Y="-21591" Z="86951" Name="" Type="SecondShiftMobile.Cloud">
    <Property Name="Scale" Info="A single float representing scale">173.9901</Property>
    <Property Name="Speed" Info="The speed of the cloud object">18.99435, 0, 0</Property>
    <Property Name="Left" Info="A single float representing left">-100000</Property>
    <Property Name="Right" Info="A single float representing right">100000</Property>
    <Property Name="Alpha" Info="The alpha value of the cloud">0.4</Property>
    <Property Name="Color" Info="The color of the cloud">234, 180, 121, 255</Property>
  </Object>
  <Object X="-65558" Y="-27936" Z="25740" Name="" Type="SecondShiftMobile.Cloud">
    <Property Name="Scale" Info="A single float representing scale">276.927</Property>
    <Property Name="Speed" Info="The speed of the cloud object">19.24369, 0, 0</Property>
    <Property Name="Left" Info="A single float representing left">-100000</Property>
    <Property Name="Right" Info="A single float representing right">100000</Property>
    <Property Name="Alpha" Info="The alpha value of the cloud">0.4</Property>
    <Property Name="Color" Info="The color of the cloud">234, 180, 121, 255</Property>
  </Object>
  <Object X="-22880" Y="-22329" Z="95124" Name="" Type="SecondShiftMobile.Cloud">
    <Property Name="Scale" Info="A single float representing scale">251.0378</Property>
    <Property Name="Speed" Info="The speed of the cloud object">6.133672, 0, 0</Property>
    <Property Name="Left" Info="A single float representing left">-100000</Property>
    <Property Name="Right" Info="A single float representing right">100000</Property>
    <Property Name="Alpha" Info="The alpha value of the cloud">0.4</Property>
    <Property Name="Color" Info="The color of the cloud">234, 180, 121, 255</Property>
  </Object>
  <Object X="80624" Y="-16146" Z="83429" Name="" Type="SecondShiftMobile.Cloud">
    <Property Name="Scale" Info="A single float representing scale">255.0457</Property>
    <Property Name="Speed" Info="The speed of the cloud object">16.77729, 0, 0</Property>
    <Property Name="Left" Info="A single float representing left">-100000</Property>
    <Property Name="Right" Info="A single float representing right">100000</Property>
    <Property Name="Alpha" Info="The alpha value of the cloud">0.4</Property>
    <Property Name="Color" Info="The color of the cloud">234, 180, 121, 255</Property>
  </Object>
</Level>